run_timestamp,name_a,name_b,game_index,a_is_blue,blue_name,red_name,winner,winner_name,total_moves,total_time,avg_time_blue,avg_time_red
2026-04-24_0512,Random,AlphaBeta,1,1,Random,AlphaBeta,red,AlphaBeta,22,5.6545,0.000034,0.513987
2026-04-24_0512,Random,AlphaBeta,2,0,AlphaBeta,Random,blue,AlphaBeta,21,5.2175,0.474290,0.000023
2026-04-24_0512,Random,AlphaBeta,3,1,Random,AlphaBeta,red,AlphaBeta,22,5.6389,0.000021,0.512580
2026-04-24_0512,Random,AlphaBeta,4,0,AlphaBeta,Random,blue,AlphaBeta,25,5.0996,0.392245,0.000023
2026-04-24_0512,Random,AlphaBeta,5,1,Random,AlphaBeta,red,AlphaBeta,22,6.0194,0.000022,0.547175
2026-04-24_0512,Random,AlphaBeta,6,0,AlphaBeta,Random,blue,AlphaBeta,21,3.2035,0.291195,0.000022
2026-04-24_0512,Random,AlphaBeta,7,1,Random,AlphaBeta,red,AlphaBeta,24,6.5243,0.000021,0.543649
2026-04-24_0512,Random,AlphaBeta,8,0,AlphaBeta,Random,blue,AlphaBeta,21,4.0418,0.367401,0.000022
2026-04-24_0512,Random,AlphaBeta,9,1,Random,AlphaBeta,red,AlphaBeta,24,6.0347,0.000025,0.502849
2026-04-24_0512,Random,AlphaBeta,10,0,AlphaBeta,Random,blue,AlphaBeta,23,4.1146,0.342849,0.000022
2026-04-24_0512,Random,AlphaBeta,11,1,Random,AlphaBeta,red,AlphaBeta,22,6.5636,0.000023,0.596648
2026-04-24_0512,Random,AlphaBeta,12,0,AlphaBeta,Random,blue,AlphaBeta,21,3.1491,0.286252,0.000022
2026-04-24_0512,Random,AlphaBeta,13,1,Random,AlphaBeta,red,AlphaBeta,24,6.1731,0.000024,0.514379
2026-04-24_0512,Random,AlphaBeta,14,0,AlphaBeta,Random,blue,AlphaBeta,23,5.1272,0.427229,0.000023
2026-04-24_0512,Random,AlphaBeta,15,1,Random,AlphaBeta,red,AlphaBeta,22,5.2320,0.000023,0.475589
2026-04-24_0512,Random,AlphaBeta,16,0,AlphaBeta,Random,blue,AlphaBeta,27,6.3132,0.450901,0.000024
2026-04-24_0512,Random,AlphaBeta,17,1,Random,AlphaBeta,red,AlphaBeta,22,5.9420,0.000029,0.540137
2026-04-24_0512,Random,AlphaBeta,18,0,AlphaBeta,Random,blue,AlphaBeta,21,3.9619,0.360146,0.000022
2026-04-24_0512,Random,AlphaBeta,19,1,Random,AlphaBeta,red,AlphaBeta,24,5.5524,0.000022,0.462664
2026-04-24_0512,Random,AlphaBeta,20,0,AlphaBeta,Random,blue,AlphaBeta,23,5.2258,0.435449,0.000023
2026-04-24_0512,Random,AlphaBeta,21,1,Random,AlphaBeta,red,AlphaBeta,22,6.2361,0.000023,0.566874
2026-04-24_0512,Random,AlphaBeta,22,0,AlphaBeta,Random,blue,AlphaBeta,25,5.2148,0.401106,0.000022
2026-04-24_0512,Random,AlphaBeta,23,1,Random,AlphaBeta,red,AlphaBeta,22,4.6843,0.000023,0.425808
2026-04-24_0512,Random,AlphaBeta,24,0,AlphaBeta,Random,blue,AlphaBeta,25,5.1220,0.393965,0.000023
2026-04-24_0512,Random,AlphaBeta,25,1,Random,AlphaBeta,red,AlphaBeta,22,6.1490,0.000022,0.558959
2026-04-24_0512,Random,AlphaBeta,26,0,AlphaBeta,Random,blue,AlphaBeta,25,4.9998,0.384570,0.000022
2026-04-24_0512,Random,AlphaBeta,27,1,Random,AlphaBeta,red,AlphaBeta,22,5.6115,0.000023,0.510094
2026-04-24_0512,Random,AlphaBeta,28,0,AlphaBeta,Random,blue,AlphaBeta,23,5.1064,0.425495,0.000023
2026-04-24_0512,Random,AlphaBeta,29,1,Random,AlphaBeta,red,AlphaBeta,22,5.7070,0.000025,0.518773
2026-04-24_0512,Random,AlphaBeta,30,0,AlphaBeta,Random,blue,AlphaBeta,21,3.0060,0.273242,0.000022
2026-04-24_0512,Random,AlphaBeta,31,1,Random,AlphaBeta,red,AlphaBeta,22,5.1415,0.000024,0.467370
2026-04-24_0512,Random,AlphaBeta,32,0,AlphaBeta,Random,blue,AlphaBeta,21,4.1079,0.373410,0.000026
2026-04-24_0512,Random,AlphaBeta,33,1,Random,AlphaBeta,red,AlphaBeta,22,5.9177,0.000027,0.537932
2026-04-24_0512,Random,AlphaBeta,34,0,AlphaBeta,Random,blue,AlphaBeta,23,4.3209,0.360038,0.000026
2026-04-24_0512,Random,AlphaBeta,35,1,Random,AlphaBeta,red,AlphaBeta,22,6.1065,0.000026,0.555085
2026-04-24_0512,Random,AlphaBeta,36,0,AlphaBeta,Random,blue,AlphaBeta,21,4.3739,0.397594,0.000022
2026-04-24_0512,Random,AlphaBeta,37,1,Random,AlphaBeta,red,AlphaBeta,24,6.7134,0.000023,0.559405
2026-04-24_0512,Random,AlphaBeta,38,0,AlphaBeta,Random,blue,AlphaBeta,23,5.0108,0.417531,0.000022
2026-04-24_0512,Random,AlphaBeta,39,1,Random,AlphaBeta,red,AlphaBeta,24,6.0776,0.000022,0.506429
2026-04-24_0512,Random,AlphaBeta,40,0,AlphaBeta,Random,blue,AlphaBeta,25,5.4290,0.417577,0.000022
2026-04-24_0512,Random,AlphaBeta,41,1,Random,AlphaBeta,red,AlphaBeta,24,5.7971,0.000022,0.483052
2026-04-24_0512,Random,AlphaBeta,42,0,AlphaBeta,Random,blue,AlphaBeta,21,4.3247,0.393117,0.000022
2026-04-24_0512,Random,AlphaBeta,43,1,Random,AlphaBeta,red,AlphaBeta,22,5.7555,0.000023,0.523183
2026-04-24_0512,Random,AlphaBeta,44,0,AlphaBeta,Random,blue,AlphaBeta,23,4.6835,0.390261,0.000022
2026-04-24_0512,Random,AlphaBeta,45,1,Random,AlphaBeta,red,AlphaBeta,22,5.5829,0.000023,0.507497
2026-04-24_0512,Random,AlphaBeta,46,0,AlphaBeta,Random,blue,AlphaBeta,21,3.8588,0.350769,0.000022
2026-04-24_0512,Random,AlphaBeta,47,1,Random,AlphaBeta,red,AlphaBeta,22,5.6383,0.000023,0.512531
2026-04-24_0512,Random,AlphaBeta,48,0,AlphaBeta,Random,blue,AlphaBeta,21,3.8664,0.351457,0.000022
2026-04-24_0512,Random,AlphaBeta,49,1,Random,AlphaBeta,red,AlphaBeta,22,5.8442,0.000022,0.531247
2026-04-24_0512,Random,AlphaBeta,50,0,AlphaBeta,Random,blue,AlphaBeta,23,5.4412,0.453399,0.000023
2026-04-24_0512,Random,AlphaBeta,51,1,Random,AlphaBeta,red,AlphaBeta,22,5.7833,0.000022,0.525712
2026-04-24_0512,Random,AlphaBeta,52,0,AlphaBeta,Random,blue,AlphaBeta,25,5.5572,0.427441,0.000023
2026-04-24_0512,Random,AlphaBeta,53,1,Random,AlphaBeta,red,AlphaBeta,22,6.2283,0.000022,0.566164
2026-04-24_0512,Random,AlphaBeta,54,0,AlphaBeta,Random,blue,AlphaBeta,21,3.5935,0.326656,0.000022
2026-04-24_0512,Random,AlphaBeta,55,1,Random,AlphaBeta,red,AlphaBeta,22,5.7742,0.000025,0.524883
2026-04-24_0512,Random,AlphaBeta,56,0,AlphaBeta,Random,blue,AlphaBeta,21,3.9433,0.358449,0.000023
2026-04-24_0512,Random,AlphaBeta,57,1,Random,AlphaBeta,red,AlphaBeta,28,7.4140,0.000024,0.529530
2026-04-24_0512,Random,AlphaBeta,58,0,AlphaBeta,Random,blue,AlphaBeta,23,3.8293,0.319077,0.000024
2026-04-24_0512,Random,AlphaBeta,59,1,Random,AlphaBeta,red,AlphaBeta,22,4.7059,0.000024,0.427768
2026-04-24_0512,Random,AlphaBeta,60,0,AlphaBeta,Random,blue,AlphaBeta,23,4.5292,0.377400,0.000025
2026-04-24_0512,Random,AlphaBeta,61,1,Random,AlphaBeta,red,AlphaBeta,22,5.2625,0.000026,0.478368
2026-04-24_0512,Random,AlphaBeta,62,0,AlphaBeta,Random,blue,AlphaBeta,23,4.4712,0.372563,0.000023
2026-04-24_0512,Random,AlphaBeta,63,1,Random,AlphaBeta,red,AlphaBeta,26,6.5485,0.000025,0.503692
2026-04-24_0512,Random,AlphaBeta,64,0,AlphaBeta,Random,blue,AlphaBeta,21,4.4687,0.406206,0.000029
2026-04-24_0512,Random,AlphaBeta,65,1,Random,AlphaBeta,red,AlphaBeta,22,4.7122,0.000027,0.428338
2026-04-24_0512,Random,AlphaBeta,66,0,AlphaBeta,Random,blue,AlphaBeta,21,3.7334,0.339363,0.000028
2026-04-24_0512,Random,AlphaBeta,67,1,Random,AlphaBeta,red,AlphaBeta,24,5.2694,0.000027,0.439078
2026-04-24_0512,Random,AlphaBeta,68,0,AlphaBeta,Random,blue,AlphaBeta,21,3.7723,0.342896,0.000026
2026-04-24_0512,Random,AlphaBeta,69,1,Random,AlphaBeta,red,AlphaBeta,22,5.8040,0.000032,0.527586
2026-04-24_0512,Random,AlphaBeta,70,0,AlphaBeta,Random,blue,AlphaBeta,23,4.5406,0.378343,0.000029
2026-04-24_0512,Random,AlphaBeta,71,1,Random,AlphaBeta,red,AlphaBeta,24,6.0146,0.000022,0.501178
2026-04-24_0512,Random,AlphaBeta,72,0,AlphaBeta,Random,blue,AlphaBeta,21,3.7886,0.344383,0.000022
2026-04-24_0512,Random,AlphaBeta,73,1,Random,AlphaBeta,red,AlphaBeta,24,5.7956,0.000021,0.482927
2026-04-24_0512,Random,AlphaBeta,74,0,AlphaBeta,Random,blue,AlphaBeta,23,4.7372,0.394739,0.000022
2026-04-24_0512,Random,AlphaBeta,75,1,Random,AlphaBeta,red,AlphaBeta,22,5.8763,0.000022,0.534163
2026-04-24_0512,Random,AlphaBeta,76,0,AlphaBeta,Random,blue,AlphaBeta,23,3.8240,0.318636,0.000022
2026-04-24_0512,Random,AlphaBeta,77,1,Random,AlphaBeta,red,AlphaBeta,24,5.1490,0.000021,0.429050
2026-04-24_0512,Random,AlphaBeta,78,0,AlphaBeta,Random,blue,AlphaBeta,21,4.3555,0.395921,0.000022
2026-04-24_0512,Random,AlphaBeta,79,1,Random,AlphaBeta,red,AlphaBeta,24,5.0454,0.000021,0.420417
2026-04-24_0512,Random,AlphaBeta,80,0,AlphaBeta,Random,blue,AlphaBeta,21,4.4526,0.404745,0.000022
2026-04-24_0512,Random,AlphaBeta,81,1,Random,AlphaBeta,red,AlphaBeta,24,5.6864,0.000022,0.473829
2026-04-24_0512,Random,AlphaBeta,82,0,AlphaBeta,Random,blue,AlphaBeta,21,4.2285,0.384377,0.000022
2026-04-24_0512,Random,AlphaBeta,83,1,Random,AlphaBeta,red,AlphaBeta,22,5.8616,0.000021,0.532834
2026-04-24_0512,Random,AlphaBeta,84,0,AlphaBeta,Random,blue,AlphaBeta,23,3.6306,0.302523,0.000021
2026-04-24_0512,Random,AlphaBeta,85,1,Random,AlphaBeta,red,AlphaBeta,24,4.5035,0.000021,0.375259
2026-04-24_0512,Random,AlphaBeta,86,0,AlphaBeta,Random,blue,AlphaBeta,23,5.0287,0.419028,0.000022
2026-04-24_0512,Random,AlphaBeta,87,1,Random,AlphaBeta,red,AlphaBeta,22,5.3045,0.000021,0.482190
2026-04-24_0512,Random,AlphaBeta,88,0,AlphaBeta,Random,blue,AlphaBeta,25,5.6897,0.437633,0.000022
2026-04-24_0512,Random,AlphaBeta,89,1,Random,AlphaBeta,red,AlphaBeta,22,5.9938,0.000022,0.544849
2026-04-24_0512,Random,AlphaBeta,90,0,AlphaBeta,Random,blue,AlphaBeta,21,3.5982,0.327078,0.000022
2026-04-24_0512,Random,AlphaBeta,91,1,Random,AlphaBeta,red,AlphaBeta,22,5.4952,0.000022,0.499521
2026-04-24_0512,Random,AlphaBeta,92,0,AlphaBeta,Random,blue,AlphaBeta,25,5.1968,0.399723,0.000023
2026-04-24_0512,Random,AlphaBeta,93,1,Random,AlphaBeta,red,AlphaBeta,22,6.0733,0.000023,0.552071
2026-04-24_0512,Random,AlphaBeta,94,0,AlphaBeta,Random,blue,AlphaBeta,27,5.1039,0.364534,0.000022
2026-04-24_0512,Random,AlphaBeta,95,1,Random,AlphaBeta,red,AlphaBeta,26,5.4492,0.000022,0.419131
2026-04-24_0512,Random,AlphaBeta,96,0,AlphaBeta,Random,blue,AlphaBeta,21,3.5249,0.320417,0.000021
2026-04-24_0512,Random,AlphaBeta,97,1,Random,AlphaBeta,red,AlphaBeta,22,5.7010,0.000022,0.518233
2026-04-24_0512,Random,AlphaBeta,98,0,AlphaBeta,Random,blue,AlphaBeta,21,4.1896,0.380844,0.000022
2026-04-24_0512,Random,AlphaBeta,99,1,Random,AlphaBeta,red,AlphaBeta,22,6.5601,0.000023,0.596327
2026-04-24_0512,Random,AlphaBeta,100,0,AlphaBeta,Random,blue,AlphaBeta,23,5.0274,0.418921,0.000023
2026-04-24_0512,Random,Heuristic,1,1,Random,Heuristic,red,Heuristic,22,0.3549,0.000016,0.032234
2026-04-24_0512,Random,Heuristic,2,0,Heuristic,Random,blue,Heuristic,23,0.3879,0.032296,0.000015
2026-04-24_0512,Random,Heuristic,3,1,Random,Heuristic,red,Heuristic,22,0.3529,0.000015,0.032050
2026-04-24_0512,Random,Heuristic,4,0,Heuristic,Random,blue,Heuristic,23,0.3915,0.032594,0.000016
2026-04-24_0512,Random,Heuristic,5,1,Random,Heuristic,red,Heuristic,22,0.3573,0.000014,0.032450
2026-04-24_0512,Random,Heuristic,6,0,Heuristic,Random,blue,Heuristic,27,0.4483,0.031990,0.000015
2026-04-24_0512,Random,Heuristic,7,1,Random,Heuristic,red,Heuristic,22,0.3564,0.000015,0.032364
2026-04-24_0512,Random,Heuristic,8,0,Heuristic,Random,blue,Heuristic,23,0.4068,0.033873,0.000014
2026-04-24_0512,Random,Heuristic,9,1,Random,Heuristic,red,Heuristic,22,0.3595,0.000015,0.032651
2026-04-24_0512,Random,Heuristic,10,0,Heuristic,Random,blue,Heuristic,21,0.3656,0.033204,0.000015
2026-04-24_0512,Random,Heuristic,11,1,Random,Heuristic,red,Heuristic,22,0.3248,0.000014,0.029502
2026-04-24_0512,Random,Heuristic,12,0,Heuristic,Random,blue,Heuristic,27,0.4561,0.032552,0.000015
2026-04-24_0512,Random,Heuristic,13,1,Random,Heuristic,red,Heuristic,24,0.3710,0.000015,0.030884
2026-04-24_0512,Random,Heuristic,14,0,Heuristic,Random,blue,Heuristic,23,0.3969,0.033042,0.000015
2026-04-24_0512,Random,Heuristic,15,1,Random,Heuristic,red,Heuristic,24,0.3925,0.000015,0.032679
2026-04-24_0512,Random,Heuristic,16,0,Heuristic,Random,blue,Heuristic,21,0.3628,0.032950,0.000015
2026-04-24_0512,Random,Heuristic,17,1,Random,Heuristic,red,Heuristic,22,0.3509,0.000015,0.031867
2026-04-24_0512,Random,Heuristic,18,0,Heuristic,Random,blue,Heuristic,23,0.4124,0.034330,0.000015
2026-04-24_0512,Random,Heuristic,19,1,Random,Heuristic,red,Heuristic,22,0.3649,0.000015,0.033137
2026-04-24_0512,Random,Heuristic,20,0,Heuristic,Random,blue,Heuristic,25,0.4148,0.031873,0.000015
2026-04-24_0512,Random,Heuristic,21,1,Random,Heuristic,red,Heuristic,24,0.3823,0.000015,0.031831
2026-04-24_0512,Random,Heuristic,22,0,Heuristic,Random,blue,Heuristic,29,0.4800,0.031963,0.000015
2026-04-24_0512,Random,Heuristic,23,1,Random,Heuristic,red,Heuristic,30,0.4963,0.000015,0.033047
2026-04-24_0512,Random,Heuristic,24,0,Heuristic,Random,blue,Heuristic,23,0.3831,0.031895,0.000015
2026-04-24_0512,Random,Heuristic,25,1,Random,Heuristic,red,Heuristic,22,0.3479,0.000015,0.031596
2026-04-24_0512,Random,Heuristic,26,0,Heuristic,Random,blue,Heuristic,23,0.4099,0.034127,0.000015
2026-04-24_0512,Random,Heuristic,27,1,Random,Heuristic,red,Heuristic,24,0.3698,0.000015,0.030786
2026-04-24_0512,Random,Heuristic,28,0,Heuristic,Random,blue,Heuristic,27,0.4320,0.030826,0.000015
2026-04-24_0512,Random,Heuristic,29,1,Random,Heuristic,red,Heuristic,22,0.3462,0.000015,0.031445
2026-04-24_0512,Random,Heuristic,30,0,Heuristic,Random,blue,Heuristic,23,0.3872,0.032234,0.000015
2026-04-24_0512,Random,Heuristic,31,1,Random,Heuristic,red,Heuristic,24,0.3964,0.000015,0.032999
2026-04-24_0512,Random,Heuristic,32,0,Heuristic,Random,blue,Heuristic,23,0.4067,0.033858,0.000015
2026-04-24_0512,Random,Heuristic,33,1,Random,Heuristic,red,Heuristic,22,0.3444,0.000015,0.031279
2026-04-24_0512,Random,Heuristic,34,0,Heuristic,Random,blue,Heuristic,21,0.3704,0.033645,0.000015
2026-04-24_0512,Random,Heuristic,35,1,Random,Heuristic,red,Heuristic,22,0.3518,0.000015,0.031952
2026-04-24_0512,Random,Heuristic,36,0,Heuristic,Random,blue,Heuristic,25,0.4250,0.032655,0.000015
2026-04-24_0512,Random,Heuristic,37,1,Random,Heuristic,red,Heuristic,22,0.3546,0.000015,0.032205
2026-04-24_0512,Random,Heuristic,38,0,Heuristic,Random,blue,Heuristic,27,0.4528,0.032308,0.000015
2026-04-24_0512,Random,Heuristic,39,1,Random,Heuristic,red,Heuristic,22,0.3503,0.000014,0.031810
2026-04-24_0512,Random,Heuristic,40,0,Heuristic,Random,blue,Heuristic,23,0.4076,0.033932,0.000015
2026-04-24_0512,Random,Heuristic,41,1,Random,Heuristic,red,Heuristic,24,0.3957,0.000016,0.032945
2026-04-24_0512,Random,Heuristic,42,0,Heuristic,Random,blue,Heuristic,25,0.4270,0.032815,0.000015
2026-04-24_0512,Random,Heuristic,43,1,Random,Heuristic,red,Heuristic,22,0.3606,0.000015,0.032748
2026-04-24_0512,Random,Heuristic,44,0,Heuristic,Random,blue,Heuristic,23,0.4064,0.033833,0.000015
2026-04-24_0512,Random,Heuristic,45,1,Random,Heuristic,red,Heuristic,22,0.3452,0.000015,0.031354
2026-04-24_0512,Random,Heuristic,46,0,Heuristic,Random,blue,Heuristic,25,0.4430,0.034044,0.000015
2026-04-24_0512,Random,Heuristic,47,1,Random,Heuristic,red,Heuristic,22,0.3619,0.000015,0.032869
2026-04-24_0512,Random,Heuristic,48,0,Heuristic,Random,blue,Heuristic,25,0.4206,0.032324,0.000015
2026-04-24_0512,Random,Heuristic,49,1,Random,Heuristic,red,Heuristic,22,0.3364,0.000014,0.030554
2026-04-24_0512,Random,Heuristic,50,0,Heuristic,Random,blue,Heuristic,25,0.4062,0.031219,0.000015
2026-04-24_0512,Random,Heuristic,51,1,Random,Heuristic,red,Heuristic,22,0.3504,0.000015,0.031829
2026-04-24_0512,Random,Heuristic,52,0,Heuristic,Random,blue,Heuristic,25,0.4230,0.032508,0.000014
2026-04-24_0512,Random,Heuristic,53,1,Random,Heuristic,red,Heuristic,28,0.4520,0.000015,0.032255
2026-04-24_0512,Random,Heuristic,54,0,Heuristic,Random,blue,Heuristic,23,0.3902,0.032484,0.000015
2026-04-24_0512,Random,Heuristic,55,1,Random,Heuristic,red,Heuristic,22,0.3667,0.000015,0.033307
2026-04-24_0512,Random,Heuristic,56,0,Heuristic,Random,blue,Heuristic,25,0.4281,0.032898,0.000015
2026-04-24_0512,Random,Heuristic,57,1,Random,Heuristic,red,Heuristic,22,0.3414,0.000014,0.031003
2026-04-24_0512,Random,Heuristic,58,0,Heuristic,Random,blue,Heuristic,25,0.4559,0.035034,0.000015
2026-04-24_0512,Random,Heuristic,59,1,Random,Heuristic,red,Heuristic,22,0.3438,0.000015,0.031225
2026-04-24_0512,Random,Heuristic,60,0,Heuristic,Random,blue,Heuristic,23,0.3964,0.033000,0.000015
2026-04-24_0512,Random,Heuristic,61,1,Random,Heuristic,red,Heuristic,22,0.3509,0.000015,0.031870
2026-04-24_0512,Random,Heuristic,62,0,Heuristic,Random,blue,Heuristic,21,0.3626,0.032931,0.000015
2026-04-24_0512,Random,Heuristic,63,1,Random,Heuristic,red,Heuristic,22,0.3559,0.000014,0.032325
2026-04-24_0512,Random,Heuristic,64,0,Heuristic,Random,blue,Heuristic,27,0.4505,0.032147,0.000014
2026-04-24_0512,Random,Heuristic,65,1,Random,Heuristic,red,Heuristic,22,0.3612,0.000015,0.032807
2026-04-24_0512,Random,Heuristic,66,0,Heuristic,Random,blue,Heuristic,31,0.4786,0.029876,0.000015
2026-04-24_0512,Random,Heuristic,67,1,Random,Heuristic,red,Heuristic,22,0.3523,0.000015,0.032001
2026-04-24_0512,Random,Heuristic,68,0,Heuristic,Random,blue,Heuristic,23,0.4061,0.033808,0.000015
2026-04-24_0512,Random,Heuristic,69,1,Random,Heuristic,red,Heuristic,28,0.4164,0.000015,0.029710
2026-04-24_0512,Random,Heuristic,70,0,Heuristic,Random,blue,Heuristic,25,0.4177,0.032103,0.000015
2026-04-24_0512,Random,Heuristic,71,1,Random,Heuristic,red,Heuristic,22,0.3403,0.000015,0.030906
2026-04-24_0512,Random,Heuristic,72,0,Heuristic,Random,blue,Heuristic,21,0.3423,0.031092,0.000014
2026-04-24_0512,Random,Heuristic,73,1,Random,Heuristic,red,Heuristic,24,0.3828,0.000015,0.031872
2026-04-24_0512,Random,Heuristic,74,0,Heuristic,Random,blue,Heuristic,21,0.3544,0.032186,0.000015
2026-04-24_0512,Random,Heuristic,75,1,Random,Heuristic,red,Heuristic,24,0.4057,0.000015,0.033775
2026-04-24_0512,Random,Heuristic,76,0,Heuristic,Random,blue,Heuristic,23,0.3950,0.032890,0.000015
2026-04-24_0512,Random,Heuristic,77,1,Random,Heuristic,red,Heuristic,24,0.3964,0.000015,0.032998
2026-04-24_0512,Random,Heuristic,78,0,Heuristic,Random,blue,Heuristic,25,0.4127,0.031712,0.000015
2026-04-24_0512,Random,Heuristic,79,1,Random,Heuristic,red,Heuristic,24,0.3988,0.000015,0.033202
2026-04-24_0512,Random,Heuristic,80,0,Heuristic,Random,blue,Heuristic,23,0.3862,0.032150,0.000014
2026-04-24_0512,Random,Heuristic,81,1,Random,Heuristic,red,Heuristic,22,0.3547,0.000015,0.032212
2026-04-24_0512,Random,Heuristic,82,0,Heuristic,Random,blue,Heuristic,25,0.4460,0.034276,0.000015
2026-04-24_0512,Random,Heuristic,83,1,Random,Heuristic,red,Heuristic,24,0.3964,0.000015,0.033000
2026-04-24_0512,Random,Heuristic,84,0,Heuristic,Random,blue,Heuristic,21,0.3624,0.032911,0.000015
2026-04-24_0512,Random,Heuristic,85,1,Random,Heuristic,red,Heuristic,22,0.3692,0.000015,0.033528
2026-04-24_0512,Random,Heuristic,86,0,Heuristic,Random,blue,Heuristic,23,0.3891,0.032395,0.000016
2026-04-24_0512,Random,Heuristic,87,1,Random,Heuristic,red,Heuristic,22,0.3461,0.000015,0.031434
2026-04-24_0512,Random,Heuristic,88,0,Heuristic,Random,blue,Heuristic,23,0.3869,0.032216,0.000015
2026-04-24_0512,Random,Heuristic,89,1,Random,Heuristic,red,Heuristic,24,0.3897,0.000015,0.032441
2026-04-24_0512,Random,Heuristic,90,0,Heuristic,Random,blue,Heuristic,23,0.3811,0.031727,0.000014
2026-04-24_0512,Random,Heuristic,91,1,Random,Heuristic,red,Heuristic,24,0.3985,0.000015,0.033179
2026-04-24_0512,Random,Heuristic,92,0,Heuristic,Random,blue,Heuristic,23,0.4052,0.033730,0.000016
2026-04-24_0512,Random,Heuristic,93,1,Random,Heuristic,red,Heuristic,22,0.3448,0.000015,0.031313
2026-04-24_0512,Random,Heuristic,94,0,Heuristic,Random,blue,Heuristic,23,0.3819,0.031797,0.000015
2026-04-24_0512,Random,Heuristic,95,1,Random,Heuristic,red,Heuristic,22,0.3528,0.000015,0.032038
2026-04-24_0512,Random,Heuristic,96,0,Heuristic,Random,blue,Heuristic,23,0.3936,0.032768,0.000015
2026-04-24_0512,Random,Heuristic,97,1,Random,Heuristic,red,Heuristic,26,0.4081,0.000015,0.031364
2026-04-24_0512,Random,Heuristic,98,0,Heuristic,Random,blue,Heuristic,25,0.4386,0.033705,0.000015
2026-04-24_0512,Random,Heuristic,99,1,Random,Heuristic,red,Heuristic,24,0.3762,0.000015,0.031322
2026-04-24_0512,Random,Heuristic,100,0,Heuristic,Random,blue,Heuristic,21,0.3647,0.033122,0.000015
2026-04-24_0512,Random,MoHex,1,1,Random,MoHex,red,MoHex,66,16.0686,0.000027,0.486878
2026-04-24_0512,Random,MoHex,2,0,MoHex,Random,blue,MoHex,45,11.0414,0.480011,0.000025
2026-04-24_0512,Random,MoHex,3,1,Random,MoHex,red,MoHex,42,10.0850,0.000029,0.480193
2026-04-24_0512,Random,MoHex,4,0,MoHex,Random,blue,MoHex,55,13.5471,0.483774,0.000025
2026-04-24_0512,Random,MoHex,5,1,Random,MoHex,red,MoHex,52,12.5498,0.000025,0.482630
2026-04-24_0512,Random,MoHex,6,0,MoHex,Random,blue,MoHex,73,18.1277,0.489893,0.000027
2026-04-24_0512,Random,MoHex,7,1,Random,MoHex,red,MoHex,66,16.1064,0.000025,0.488013
2026-04-24_0512,Random,MoHex,8,0,MoHex,Random,blue,MoHex,53,13.0329,0.482658,0.000026
2026-04-24_0512,Random,MoHex,9,1,Random,MoHex,red,MoHex,76,18.5702,0.000026,0.488628
2026-04-24_0512,Random,MoHex,10,0,MoHex,Random,blue,MoHex,57,14.0288,0.483712,0.000025
2026-04-24_0512,Random,MoHex,11,1,Random,MoHex,red,MoHex,42,10.1555,0.000026,0.483546
2026-04-24_0512,Random,MoHex,12,0,MoHex,Random,blue,MoHex,85,21.1512,0.491832,0.000027
2026-04-24_0512,Random,MoHex,13,1,Random,MoHex,red,MoHex,64,15.5336,0.000026,0.485379
2026-04-24_0512,Random,MoHex,14,0,MoHex,Random,blue,MoHex,49,12.0225,0.480861,0.000026
2026-04-24_0512,Random,MoHex,15,1,Random,MoHex,red,MoHex,70,17.0298,0.000027,0.486523
2026-04-24_0512,Random,MoHex,16,0,MoHex,Random,blue,MoHex,73,18.0426,0.487591,0.000027
2026-04-24_0512,Random,MoHex,17,1,Random,MoHex,red,MoHex,58,14.1061,0.000025,0.486354
2026-04-24_0512,Random,MoHex,18,0,MoHex,Random,blue,MoHex,81,20.1992,0.492594,0.000026
2026-04-24_0512,Random,MoHex,19,1,Random,MoHex,red,MoHex,56,13.6704,0.000025,0.488181
2026-04-24_0512,Random,MoHex,20,0,MoHex,Random,blue,MoHex,83,20.5466,0.489157,0.000027
2026-04-24_0512,Random,MoHex,21,1,Random,MoHex,red,MoHex,48,11.5924,0.000025,0.482959
2026-04-24_0512,Random,MoHex,22,0,MoHex,Random,blue,MoHex,65,16.0296,0.485703,0.000027
2026-04-24_0512,Random,MoHex,23,1,Random,MoHex,red,MoHex,36,8.5395,0.000024,0.474360
2026-04-24_0512,Random,MoHex,24,0,MoHex,Random,blue,MoHex,59,14.5238,0.484089,0.000026
2026-04-24_0512,Random,MoHex,25,1,Random,MoHex,red,MoHex,60,14.5916,0.000025,0.486341
2026-04-24_0512,Random,MoHex,26,0,MoHex,Random,blue,MoHex,63,15.5400,0.485579,0.000027
2026-04-24_0512,Random,MoHex,27,1,Random,MoHex,red,MoHex,48,11.5191,0.000029,0.479919
2026-04-24_0512,Random,MoHex,28,0,MoHex,Random,blue,MoHex,65,16.0554,0.486475,0.000026
2026-04-24_0512,Random,MoHex,29,1,Random,MoHex,red,MoHex,46,11.0258,0.000026,0.479341
2026-04-24_0512,Random,MoHex,30,0,MoHex,Random,blue,MoHex,51,12.5235,0.481633,0.000026
2026-04-24_0512,Random,MoHex,31,1,Random,MoHex,red,MoHex,58,14.0333,0.000028,0.483859
2026-04-24_0512,Random,MoHex,32,0,MoHex,Random,blue,MoHex,59,14.5826,0.486041,0.000026
2026-04-24_0512,Random,MoHex,33,1,Random,MoHex,red,MoHex,56,13.5747,0.000024,0.484747
2026-04-24_0512,Random,MoHex,34,0,MoHex,Random,blue,MoHex,69,17.0892,0.488219,0.000026
2026-04-24_0512,Random,MoHex,35,1,Random,MoHex,red,MoHex,40,9.5198,0.000028,0.475947
2026-04-24_0512,Random,MoHex,36,0,MoHex,Random,blue,MoHex,69,17.1219,0.489153,0.000026
2026-04-24_0512,Random,MoHex,37,1,Random,MoHex,red,MoHex,62,15.0396,0.000027,0.485097
2026-04-24_0512,Random,MoHex,38,0,MoHex,Random,blue,MoHex,67,16.5412,0.486461,0.000026
2026-04-24_0512,Random,MoHex,39,1,Random,MoHex,red,MoHex,64,15.5383,0.000026,0.485525
2026-04-24_0512,Random,MoHex,40,0,MoHex,Random,blue,MoHex,57,14.0918,0.485802,0.000094
2026-04-24_0512,Random,MoHex,41,1,Random,MoHex,red,MoHex,56,13.5510,0.000025,0.483912
2026-04-24_0512,Random,MoHex,42,0,MoHex,Random,blue,MoHex,53,13.0234,0.482309,0.000026
2026-04-24_0512,Random,MoHex,43,1,Random,MoHex,red,MoHex,72,17.6132,0.000026,0.489197
2026-04-24_0512,Random,MoHex,44,0,MoHex,Random,blue,MoHex,55,13.5488,0.483834,0.000026
2026-04-24_0512,Random,MoHex,45,1,Random,MoHex,red,MoHex,68,16.5863,0.000026,0.487767
2026-04-24_0512,Random,MoHex,46,0,MoHex,Random,blue,MoHex,55,13.5332,0.483291,0.000026
2026-04-24_0512,Random,MoHex,47,1,Random,MoHex,red,MoHex,58,14.0259,0.000028,0.483609
2026-04-24_0512,Random,MoHex,48,0,MoHex,Random,blue,MoHex,41,10.0430,0.478185,0.000027
2026-04-24_0512,Random,MoHex,49,1,Random,MoHex,red,MoHex,46,11.0479,0.000025,0.480288
2026-04-24_0512,Random,MoHex,50,0,MoHex,Random,blue,MoHex,59,14.5273,0.484203,0.000025
2026-04-24_0512,Random,MoHex,51,1,Random,MoHex,red,MoHex,70,17.0379,0.000029,0.486751
2026-04-24_0512,Random,MoHex,52,0,MoHex,Random,blue,MoHex,39,9.5207,0.475993,0.000026
2026-04-24_0512,Random,MoHex,53,1,Random,MoHex,red,MoHex,66,16.0552,0.000027,0.486466
2026-04-24_0512,Random,MoHex,54,0,MoHex,Random,blue,MoHex,63,15.6063,0.487656,0.000026
2026-04-24_0512,Random,MoHex,55,1,Random,MoHex,red,MoHex,42,10.1388,0.000027,0.482747
2026-04-24_0512,Random,MoHex,56,0,MoHex,Random,blue,MoHex,75,18.6344,0.490333,0.000027
2026-04-24_0512,Random,MoHex,57,1,Random,MoHex,red,MoHex,44,10.5273,0.000026,0.478468
2026-04-24_0512,Random,MoHex,58,0,MoHex,Random,blue,MoHex,65,16.0415,0.486064,0.000026
2026-04-24_0512,Random,MoHex,59,1,Random,MoHex,red,MoHex,56,13.6219,0.000027,0.486454
2026-04-24_0512,Random,MoHex,60,0,MoHex,Random,blue,MoHex,59,14.6391,0.487915,0.000027
2026-04-24_0512,Random,MoHex,61,1,Random,MoHex,red,MoHex,78,19.1716,0.000026,0.491529
2026-04-24_0512,Random,MoHex,62,0,MoHex,Random,blue,MoHex,47,11.5852,0.482676,0.000026
2026-04-24_0512,Random,MoHex,63,1,Random,MoHex,red,MoHex,50,12.0185,0.000028,0.480699
2026-04-24_0512,Random,MoHex,64,0,MoHex,Random,blue,MoHex,57,14.0285,0.483701,0.000026
2026-04-24_0512,Random,MoHex,65,1,Random,MoHex,red,MoHex,54,13.0416,0.000025,0.482970
2026-04-24_0512,Random,MoHex,66,0,MoHex,Random,blue,MoHex,57,14.0407,0.484116,0.000026
2026-04-24_0512,Random,MoHex,67,1,Random,MoHex,red,MoHex,40,9.5284,0.000025,0.476374
2026-04-24_0512,Random,MoHex,68,0,MoHex,Random,blue,MoHex,75,18.5400,0.487847,0.000029
2026-04-24_0512,Random,MoHex,69,1,Random,MoHex,red,MoHex,50,12.0300,0.000025,0.481156
2026-04-24_0512,Random,MoHex,70,0,MoHex,Random,blue,MoHex,59,14.5287,0.484250,0.000026
2026-04-24_0512,Random,MoHex,71,1,Random,MoHex,red,MoHex,58,14.1125,0.000026,0.486597
2026-04-24_0512,Random,MoHex,72,0,MoHex,Random,blue,MoHex,65,16.0948,0.487674,0.000027
2026-04-24_0512,Random,MoHex,73,1,Random,MoHex,red,MoHex,40,9.5234,0.000024,0.476127
2026-04-24_0512,Random,MoHex,74,0,MoHex,Random,blue,MoHex,49,12.0244,0.480934,0.000026
2026-04-24_0512,Random,MoHex,75,1,Random,MoHex,red,MoHex,72,17.6058,0.000026,0.488978
2026-04-24_0512,Random,MoHex,76,0,MoHex,Random,blue,MoHex,67,16.6997,0.491125,0.000029
2026-04-24_0512,Random,MoHex,77,1,Random,MoHex,red,MoHex,52,12.5243,0.000025,0.481662
2026-04-24_0512,Random,MoHex,78,0,MoHex,Random,blue,MoHex,61,15.0342,0.484932,0.000026
2026-04-24_0512,Random,MoHex,79,1,Random,MoHex,red,MoHex,50,12.0282,0.000025,0.481087
2026-04-24_0512,Random,MoHex,80,0,MoHex,Random,blue,MoHex,61,15.0584,0.485698,0.000027
2026-04-24_0512,Random,MoHex,81,1,Random,MoHex,red,MoHex,34,8.0140,0.000024,0.471374
2026-04-24_0512,Random,MoHex,82,0,MoHex,Random,blue,MoHex,77,19.0528,0.488485,0.000026
2026-04-24_0512,Random,MoHex,83,1,Random,MoHex,red,MoHex,46,11.0208,0.000025,0.479125
2026-04-24_0512,Random,MoHex,84,0,MoHex,Random,blue,MoHex,71,17.5644,0.487851,0.000027
2026-04-24_0512,Random,MoHex,85,1,Random,MoHex,red,MoHex,62,15.0881,0.000027,0.486670
2026-04-24_0512,Random,MoHex,86,0,MoHex,Random,blue,MoHex,85,21.0416,0.489295,0.000026
2026-04-24_0512,Random,MoHex,87,1,Random,MoHex,red,MoHex,46,11.0481,0.000117,0.480205
2026-04-24_0512,Random,MoHex,88,0,MoHex,Random,blue,MoHex,69,17.1189,0.489037,0.000031
2026-04-24_0512,Random,MoHex,89,1,Random,MoHex,red,MoHex,56,13.5748,0.000027,0.484774
2026-04-24_0512,Random,MoHex,90,0,MoHex,Random,blue,MoHex,73,18.1295,0.489934,0.000027
2026-04-24_0512,Random,MoHex,91,1,Random,MoHex,red,MoHex,60,14.5265,0.000025,0.484176
2026-04-24_0512,Random,MoHex,92,0,MoHex,Random,blue,MoHex,65,16.0365,0.485910,0.000026
2026-04-24_0512,Random,MoHex,93,1,Random,MoHex,red,MoHex,64,15.5830,0.000026,0.486917
2026-04-24_0512,Random,MoHex,94,0,MoHex,Random,blue,MoHex,67,16.5301,0.486137,0.000029
2026-04-24_0512,Random,MoHex,95,1,Random,MoHex,red,MoHex,52,12.5258,0.000026,0.481716
2026-04-24_0512,Random,MoHex,96,0,MoHex,Random,blue,MoHex,79,19.5611,0.488982,0.000027
2026-04-24_0512,Random,MoHex,97,1,Random,MoHex,red,MoHex,72,17.6002,0.000026,0.488846
2026-04-24_0512,Random,MoHex,98,0,MoHex,Random,blue,MoHex,59,14.6084,0.486890,0.000028
2026-04-24_0512,Random,MoHex,99,1,Random,MoHex,red,MoHex,38,9.0161,0.000024,0.474495
2026-04-24_0512,Random,MoHex,100,0,MoHex,Random,blue,MoHex,57,14.0539,0.484573,0.000027
2026-04-24_0512,Random,AlphaZero,1,1,Random,AlphaZero,red,AlphaZero,24,0.6024,0.000026,0.050162
2026-04-24_0512,Random,AlphaZero,2,0,AlphaZero,Random,blue,AlphaZero,21,0.3843,0.034893,0.000024
2026-04-24_0512,Random,AlphaZero,3,1,Random,AlphaZero,red,AlphaZero,22,0.3871,0.000023,0.035148
2026-04-24_0512,Random,AlphaZero,4,0,AlphaZero,Random,blue,AlphaZero,21,0.3882,0.035254,0.000024
2026-04-24_0512,Random,AlphaZero,5,1,Random,AlphaZero,red,AlphaZero,22,0.3869,0.000024,0.035134
2026-04-24_0512,Random,AlphaZero,6,0,AlphaZero,Random,blue,AlphaZero,21,0.3880,0.035234,0.000024
2026-04-24_0512,Random,AlphaZero,7,1,Random,AlphaZero,red,AlphaZero,22,0.3875,0.000024,0.035186
2026-04-24_0512,Random,AlphaZero,8,0,AlphaZero,Random,blue,AlphaZero,21,0.3890,0.035325,0.000024
2026-04-24_0512,Random,AlphaZero,9,1,Random,AlphaZero,red,AlphaZero,22,0.3869,0.000023,0.035134
2026-04-24_0512,Random,AlphaZero,10,0,AlphaZero,Random,blue,AlphaZero,21,0.3870,0.035148,0.000024
2026-04-24_0512,Random,AlphaZero,11,1,Random,AlphaZero,red,AlphaZero,22,0.3439,0.000023,0.031226
2026-04-24_0512,Random,AlphaZero,12,0,AlphaZero,Random,blue,AlphaZero,21,0.3433,0.031173,0.000024
2026-04-24_0512,Random,AlphaZero,13,1,Random,AlphaZero,red,AlphaZero,22,0.3421,0.000023,0.031060
2026-04-24_0512,Random,AlphaZero,14,0,AlphaZero,Random,blue,AlphaZero,21,0.3426,0.031105,0.000024
2026-04-24_0512,Random,AlphaZero,15,1,Random,AlphaZero,red,AlphaZero,22,0.3382,0.000023,0.030703
2026-04-24_0512,Random,AlphaZero,16,0,AlphaZero,Random,blue,AlphaZero,21,0.4440,0.040317,0.000026
2026-04-24_0512,Random,AlphaZero,17,1,Random,AlphaZero,red,AlphaZero,22,0.3764,0.000024,0.034176
2026-04-24_0512,Random,AlphaZero,18,0,AlphaZero,Random,blue,AlphaZero,21,0.3777,0.034302,0.000024
2026-04-24_0512,Random,AlphaZero,19,1,Random,AlphaZero,red,AlphaZero,22,0.3753,0.000024,0.034082
2026-04-24_0512,Random,AlphaZero,20,0,AlphaZero,Random,blue,AlphaZero,21,0.3798,0.034492,0.000024
2026-04-24_0512,Random,AlphaZero,21,1,Random,AlphaZero,red,AlphaZero,22,0.3764,0.000023,0.034177
2026-04-24_0512,Random,AlphaZero,22,0,AlphaZero,Random,blue,AlphaZero,23,0.4202,0.034978,0.000024
2026-04-24_0512,Random,AlphaZero,23,1,Random,AlphaZero,red,AlphaZero,22,0.3844,0.000023,0.034905
2026-04-24_0512,Random,AlphaZero,24,0,AlphaZero,Random,blue,AlphaZero,21,0.3874,0.035181,0.000024
2026-04-24_0512,Random,AlphaZero,25,1,Random,AlphaZero,red,AlphaZero,22,0.3886,0.000024,0.035285
2026-04-24_0512,Random,AlphaZero,26,0,AlphaZero,Random,blue,AlphaZero,21,0.3881,0.035247,0.000024
2026-04-24_0512,Random,AlphaZero,27,1,Random,AlphaZero,red,AlphaZero,22,0.3901,0.000023,0.035419
2026-04-24_0512,Random,AlphaZero,28,0,AlphaZero,Random,blue,AlphaZero,21,0.3883,0.035264,0.000024
2026-04-24_0512,Random,AlphaZero,29,1,Random,AlphaZero,red,AlphaZero,22,0.3874,0.000025,0.035178
2026-04-24_0512,Random,AlphaZero,30,0,AlphaZero,Random,blue,AlphaZero,21,0.3894,0.035359,0.000024
2026-04-24_0512,Random,AlphaZero,31,1,Random,AlphaZero,red,AlphaZero,22,0.3767,0.000025,0.034199
2026-04-24_0512,Random,AlphaZero,32,0,AlphaZero,Random,blue,AlphaZero,21,0.4002,0.036341,0.000025
2026-04-24_0512,Random,AlphaZero,33,1,Random,AlphaZero,red,AlphaZero,22,0.3417,0.000024,0.031023
2026-04-24_0512,Random,AlphaZero,34,0,AlphaZero,Random,blue,AlphaZero,21,0.3446,0.031289,0.000024
2026-04-24_0512,Random,AlphaZero,35,1,Random,AlphaZero,red,AlphaZero,22,0.3415,0.000024,0.031002
2026-04-24_0512,Random,AlphaZero,36,0,AlphaZero,Random,blue,AlphaZero,21,0.3435,0.031195,0.000024
2026-04-24_0512,Random,AlphaZero,37,1,Random,AlphaZero,red,AlphaZero,22,0.3420,0.000024,0.031050
2026-04-24_0512,Random,AlphaZero,38,0,AlphaZero,Random,blue,AlphaZero,21,0.3431,0.031154,0.000024
2026-04-24_0512,Random,AlphaZero,39,1,Random,AlphaZero,red,AlphaZero,24,0.3991,0.000023,0.033209
2026-04-24_0512,Random,AlphaZero,40,0,AlphaZero,Random,blue,AlphaZero,21,0.3351,0.030428,0.000024
2026-04-24_0512,Random,AlphaZero,41,1,Random,AlphaZero,red,AlphaZero,22,0.3402,0.000024,0.030891
2026-04-24_0512,Random,AlphaZero,42,0,AlphaZero,Random,blue,AlphaZero,21,0.3429,0.031133,0.000024
2026-04-24_0512,Random,AlphaZero,43,1,Random,AlphaZero,red,AlphaZero,22,0.3440,0.000026,0.031228
2026-04-24_0512,Random,AlphaZero,44,0,AlphaZero,Random,blue,AlphaZero,21,0.3424,0.031089,0.000024
2026-04-24_0512,Random,AlphaZero,45,1,Random,AlphaZero,red,AlphaZero,22,0.3453,0.000024,0.031346
2026-04-24_0512,Random,AlphaZero,46,0,AlphaZero,Random,blue,AlphaZero,21,0.3416,0.031015,0.000024
2026-04-24_0512,Random,AlphaZero,47,1,Random,AlphaZero,red,AlphaZero,22,0.3418,0.000024,0.031034
2026-04-24_0512,Random,AlphaZero,48,0,AlphaZero,Random,blue,AlphaZero,21,0.3407,0.030934,0.000024
2026-04-24_0512,Random,AlphaZero,49,1,Random,AlphaZero,red,AlphaZero,22,0.3418,0.000025,0.031034
2026-04-24_0512,Random,AlphaZero,50,0,AlphaZero,Random,blue,AlphaZero,21,0.4056,0.036827,0.000026
2026-04-24_0512,Random,AlphaZero,51,1,Random,AlphaZero,red,AlphaZero,22,0.3438,0.000024,0.031214
2026-04-24_0512,Random,AlphaZero,52,0,AlphaZero,Random,blue,AlphaZero,21,0.3441,0.031242,0.000024
2026-04-24_0512,Random,AlphaZero,53,1,Random,AlphaZero,red,AlphaZero,22,0.3426,0.000026,0.031103
2026-04-24_0512,Random,AlphaZero,54,0,AlphaZero,Random,blue,AlphaZero,21,0.3493,0.031713,0.000024
2026-04-24_0512,Random,AlphaZero,55,1,Random,AlphaZero,red,AlphaZero,22,0.3456,0.000024,0.031376
2026-04-24_0512,Random,AlphaZero,56,0,AlphaZero,Random,blue,AlphaZero,21,0.3432,0.031168,0.000024
2026-04-24_0512,Random,AlphaZero,57,1,Random,AlphaZero,red,AlphaZero,24,0.3808,0.000024,0.031694
2026-04-24_0512,Random,AlphaZero,58,0,AlphaZero,Random,blue,AlphaZero,21,0.3482,0.031622,0.000024
2026-04-24_0512,Random,AlphaZero,59,1,Random,AlphaZero,red,AlphaZero,24,0.3784,0.000024,0.031498
2026-04-24_0512,Random,AlphaZero,60,0,AlphaZero,Random,blue,AlphaZero,23,0.3815,0.031756,0.000024
2026-04-24_0512,Random,AlphaZero,61,1,Random,AlphaZero,red,AlphaZero,22,0.3483,0.000024,0.031625
2026-04-24_0512,Random,AlphaZero,62,0,AlphaZero,Random,blue,AlphaZero,21,0.3480,0.031602,0.000024
2026-04-24_0512,Random,AlphaZero,63,1,Random,AlphaZero,red,AlphaZero,22,0.3472,0.000024,0.031527
2026-04-24_0512,Random,AlphaZero,64,0,AlphaZero,Random,blue,AlphaZero,21,0.3509,0.031858,0.000024
2026-04-24_0512,Random,AlphaZero,65,1,Random,AlphaZero,red,AlphaZero,22,0.3578,0.000024,0.032486
2026-04-24_0512,Random,AlphaZero,66,0,AlphaZero,Random,blue,AlphaZero,21,0.3504,0.031818,0.000024
2026-04-24_0512,Random,AlphaZero,67,1,Random,AlphaZero,red,AlphaZero,22,0.4116,0.000026,0.037370
2026-04-24_0512,Random,AlphaZero,68,0,AlphaZero,Random,blue,AlphaZero,21,0.3552,0.032249,0.000024
2026-04-24_0512,Random,AlphaZero,69,1,Random,AlphaZero,red,AlphaZero,22,0.3551,0.000023,0.032242
2026-04-24_0512,Random,AlphaZero,70,0,AlphaZero,Random,blue,AlphaZero,21,0.3544,0.032179,0.000024
2026-04-24_0512,Random,AlphaZero,71,1,Random,AlphaZero,red,AlphaZero,22,0.3491,0.000024,0.031695
2026-04-24_0512,Random,AlphaZero,72,0,AlphaZero,Random,blue,AlphaZero,21,0.3549,0.032225,0.000024
2026-04-24_0512,Random,AlphaZero,73,1,Random,AlphaZero,red,AlphaZero,22,0.3540,0.000024,0.032140
2026-04-24_0512,Random,AlphaZero,74,0,AlphaZero,Random,blue,AlphaZero,25,0.4219,0.032416,0.000024
2026-04-24_0512,Random,AlphaZero,75,1,Random,AlphaZero,red,AlphaZero,22,0.3547,0.000024,0.032201
2026-04-24_0512,Random,AlphaZero,76,0,AlphaZero,Random,blue,AlphaZero,21,0.3611,0.032787,0.000024
2026-04-24_0512,Random,AlphaZero,77,1,Random,AlphaZero,red,AlphaZero,22,0.3578,0.000024,0.032486
2026-04-24_0512,Random,AlphaZero,78,0,AlphaZero,Random,blue,AlphaZero,21,0.3549,0.032228,0.000024
2026-04-24_0512,Random,AlphaZero,79,1,Random,AlphaZero,red,AlphaZero,22,0.3599,0.000023,0.032676
2026-04-24_0512,Random,AlphaZero,80,0,AlphaZero,Random,blue,AlphaZero,21,0.3649,0.033135,0.000024
2026-04-24_0512,Random,AlphaZero,81,1,Random,AlphaZero,red,AlphaZero,22,0.3583,0.000024,0.032530
2026-04-24_0512,Random,AlphaZero,82,0,AlphaZero,Random,blue,AlphaZero,23,0.3949,0.032865,0.000024
2026-04-24_0512,Random,AlphaZero,83,1,Random,AlphaZero,red,AlphaZero,24,0.3951,0.000024,0.032883
2026-04-24_0512,Random,AlphaZero,84,0,AlphaZero,Random,blue,AlphaZero,21,0.3626,0.032929,0.000024
2026-04-24_0512,Random,AlphaZero,85,1,Random,AlphaZero,red,AlphaZero,22,0.3542,0.000024,0.032161
2026-04-24_0512,Random,AlphaZero,86,0,AlphaZero,Random,blue,AlphaZero,21,0.4162,0.037802,0.000026
2026-04-24_0512,Random,AlphaZero,87,1,Random,AlphaZero,red,AlphaZero,22,0.3637,0.000024,0.033027
2026-04-24_0512,Random,AlphaZero,88,0,AlphaZero,Random,blue,AlphaZero,21,0.3627,0.032933,0.000024
2026-04-24_0512,Random,AlphaZero,89,1,Random,AlphaZero,red,AlphaZero,22,0.3675,0.000023,0.033370
2026-04-24_0512,Random,AlphaZero,90,0,AlphaZero,Random,blue,AlphaZero,21,0.3699,0.033588,0.000024
2026-04-24_0512,Random,AlphaZero,91,1,Random,AlphaZero,red,AlphaZero,22,0.3592,0.000024,0.032618
2026-04-24_0512,Random,AlphaZero,92,0,AlphaZero,Random,blue,AlphaZero,21,0.3729,0.033857,0.000024
2026-04-24_0512,Random,AlphaZero,93,1,Random,AlphaZero,red,AlphaZero,22,0.3690,0.000026,0.033503
2026-04-24_0512,Random,AlphaZero,94,0,AlphaZero,Random,blue,AlphaZero,21,0.3737,0.033933,0.000024
2026-04-24_0512,Random,AlphaZero,95,1,Random,AlphaZero,red,AlphaZero,22,0.3698,0.000026,0.033570
2026-04-24_0512,Random,AlphaZero,96,0,AlphaZero,Random,blue,AlphaZero,21,0.3752,0.034070,0.000024
2026-04-24_0512,Random,AlphaZero,97,1,Random,AlphaZero,red,AlphaZero,22,0.3665,0.000023,0.033283
2026-04-24_0512,Random,AlphaZero,98,0,AlphaZero,Random,blue,AlphaZero,21,0.3726,0.033839,0.000024
2026-04-24_0512,Random,AlphaZero,99,1,Random,AlphaZero,red,AlphaZero,26,0.4254,0.000024,0.032686
2026-04-24_0512,Random,AlphaZero,100,0,AlphaZero,Random,blue,AlphaZero,23,0.4034,0.033581,0.000024
2026-04-24_0512,AlphaBeta,Heuristic,1,1,AlphaBeta,Heuristic,blue,AlphaBeta,21,4.6843,0.392618,0.036529
2026-04-24_0512,AlphaBeta,Heuristic,2,0,Heuristic,AlphaBeta,red,AlphaBeta,22,6.3181,0.039106,0.535237
2026-04-24_0512,AlphaBeta,Heuristic,3,1,AlphaBeta,Heuristic,blue,AlphaBeta,21,0.3850,0.001520,0.036807
2026-04-24_0512,AlphaBeta,Heuristic,4,0,Heuristic,AlphaBeta,red,AlphaBeta,22,0.4452,0.038774,0.001677
2026-04-24_0512,AlphaBeta,Heuristic,5,1,AlphaBeta,Heuristic,blue,AlphaBeta,21,0.3837,0.001502,0.036691
2026-04-24_0512,AlphaBeta,Heuristic,6,0,Heuristic,AlphaBeta,red,AlphaBeta,22,0.4439,0.038657,0.001668
2026-04-24_0512,AlphaBeta,Heuristic,7,1,AlphaBeta,Heuristic,blue,AlphaBeta,21,0.3824,0.001502,0.036561
2026-04-24_0512,AlphaBeta,Heuristic,8,0,Heuristic,AlphaBeta,red,AlphaBeta,22,0.4460,0.038849,0.001670
2026-04-24_0512,AlphaBeta,Heuristic,9,1,AlphaBeta,Heuristic,blue,AlphaBeta,21,0.3827,0.001509,0.036581
2026-04-24_0512,AlphaBeta,Heuristic,10,0,Heuristic,AlphaBeta,red,AlphaBeta,22,0.4439,0.038651,0.001674
2026-04-24_0512,AlphaBeta,Heuristic,11,1,AlphaBeta,Heuristic,blue,AlphaBeta,21,0.3827,0.001509,0.036589
2026-04-24_0512,AlphaBeta,Heuristic,12,0,Heuristic,AlphaBeta,red,AlphaBeta,22,0.4444,0.038693,0.001676
2026-04-24_0512,AlphaBeta,Heuristic,13,1,AlphaBeta,Heuristic,blue,AlphaBeta,21,0.3834,0.001510,0.036655
2026-04-24_0512,AlphaBeta,Heuristic,14,0,Heuristic,AlphaBeta,red,AlphaBeta,22,0.4452,0.038770,0.001677
2026-04-24_0512,AlphaBeta,Heuristic,15,1,AlphaBeta,Heuristic,blue,AlphaBeta,21,0.3838,0.001510,0.036695
2026-04-24_0512,AlphaBeta,Heuristic,16,0,Heuristic,AlphaBeta,red,AlphaBeta,22,0.4456,0.038806,0.001678
2026-04-24_0512,AlphaBeta,Heuristic,17,1,AlphaBeta,Heuristic,blue,AlphaBeta,21,0.3838,0.001508,0.036697
2026-04-24_0512,AlphaBeta,Heuristic,18,0,Heuristic,AlphaBeta,red,AlphaBeta,22,0.4452,0.038771,0.001674
2026-04-24_0512,AlphaBeta,Heuristic,19,1,AlphaBeta,Heuristic,blue,AlphaBeta,21,0.3881,0.001517,0.037120
2026-04-24_0512,AlphaBeta,Heuristic,20,0,Heuristic,AlphaBeta,red,AlphaBeta,22,0.4515,0.039340,0.001679
2026-04-24_0512,AlphaBeta,Heuristic,21,1,AlphaBeta,Heuristic,blue,AlphaBeta,21,0.3886,0.001513,0.037170
2026-04-24_0512,AlphaBeta,Heuristic,22,0,Heuristic,AlphaBeta,red,AlphaBeta,22,0.4509,0.039288,0.001678
2026-04-24_0512,AlphaBeta,Heuristic,23,1,AlphaBeta,Heuristic,blue,AlphaBeta,21,0.3890,0.001512,0.037213
2026-04-24_0512,AlphaBeta,Heuristic,24,0,Heuristic,AlphaBeta,red,AlphaBeta,22,0.4511,0.039309,0.001678
2026-04-24_0512,AlphaBeta,Heuristic,25,1,AlphaBeta,Heuristic,blue,AlphaBeta,21,0.3882,0.001511,0.037135
2026-04-24_0512,AlphaBeta,Heuristic,26,0,Heuristic,AlphaBeta,red,AlphaBeta,22,0.4508,0.039280,0.001677
2026-04-24_0512,AlphaBeta,Heuristic,27,1,AlphaBeta,Heuristic,blue,AlphaBeta,21,0.3890,0.001513,0.037214
2026-04-24_0512,AlphaBeta,Heuristic,28,0,Heuristic,AlphaBeta,red,AlphaBeta,22,0.4527,0.039422,0.001705
2026-04-24_0512,AlphaBeta,Heuristic,29,1,AlphaBeta,Heuristic,blue,AlphaBeta,21,0.3901,0.001542,0.037284
2026-04-24_0512,AlphaBeta,Heuristic,30,0,Heuristic,AlphaBeta,red,AlphaBeta,22,0.4491,0.039120,0.001677
2026-04-24_0512,AlphaBeta,Heuristic,31,1,AlphaBeta,Heuristic,blue,AlphaBeta,21,0.3847,0.001514,0.036783
2026-04-24_0512,AlphaBeta,Heuristic,32,0,Heuristic,AlphaBeta,red,AlphaBeta,22,0.4465,0.038884,0.001678
2026-04-24_0512,AlphaBeta,Heuristic,33,1,AlphaBeta,Heuristic,blue,AlphaBeta,21,0.3842,0.001509,0.036736
2026-04-24_0512,AlphaBeta,Heuristic,34,0,Heuristic,AlphaBeta,red,AlphaBeta,22,0.4471,0.038938,0.001680
2026-04-24_0512,AlphaBeta,Heuristic,35,1,AlphaBeta,Heuristic,blue,AlphaBeta,21,0.3850,0.001513,0.036814
2026-04-24_0512,AlphaBeta,Heuristic,36,0,Heuristic,AlphaBeta,red,AlphaBeta,22,0.4455,0.038804,0.001672
2026-04-24_0512,AlphaBeta,Heuristic,37,1,AlphaBeta,Heuristic,blue,AlphaBeta,21,0.3837,0.001512,0.036683
2026-04-24_0512,AlphaBeta,Heuristic,38,0,Heuristic,AlphaBeta,red,AlphaBeta,22,0.4464,0.038878,0.001679
2026-04-24_0512,AlphaBeta,Heuristic,39,1,AlphaBeta,Heuristic,blue,AlphaBeta,21,0.3848,0.001513,0.036791
2026-04-24_0512,AlphaBeta,Heuristic,40,0,Heuristic,AlphaBeta,red,AlphaBeta,22,0.4470,0.038925,0.001682
2026-04-24_0512,AlphaBeta,Heuristic,41,1,AlphaBeta,Heuristic,blue,AlphaBeta,21,0.3852,0.001515,0.036827
2026-04-24_0512,AlphaBeta,Heuristic,42,0,Heuristic,AlphaBeta,red,AlphaBeta,22,0.4468,0.038906,0.001683
2026-04-24_0512,AlphaBeta,Heuristic,43,1,AlphaBeta,Heuristic,blue,AlphaBeta,21,0.3853,0.001515,0.036842
2026-04-24_0512,AlphaBeta,Heuristic,44,0,Heuristic,AlphaBeta,red,AlphaBeta,22,0.4471,0.038941,0.001682
2026-04-24_0512,AlphaBeta,Heuristic,45,1,AlphaBeta,Heuristic,blue,AlphaBeta,21,0.3825,0.001509,0.036564
2026-04-24_0512,AlphaBeta,Heuristic,46,0,Heuristic,AlphaBeta,red,AlphaBeta,22,0.4421,0.038487,0.001677
2026-04-24_0512,AlphaBeta,Heuristic,47,1,AlphaBeta,Heuristic,blue,AlphaBeta,21,0.3827,0.001507,0.036589
2026-04-24_0512,AlphaBeta,Heuristic,48,0,Heuristic,AlphaBeta,red,AlphaBeta,22,0.4438,0.038650,0.001669
2026-04-24_0512,AlphaBeta,Heuristic,49,1,AlphaBeta,Heuristic,blue,AlphaBeta,21,0.3827,0.001510,0.036584
2026-04-24_0512,AlphaBeta,Heuristic,50,0,Heuristic,AlphaBeta,red,AlphaBeta,22,0.4445,0.038706,0.001678
2026-04-24_0512,AlphaBeta,Heuristic,51,1,AlphaBeta,Heuristic,blue,AlphaBeta,21,0.3846,0.001517,0.036770
2026-04-24_0512,AlphaBeta,Heuristic,52,0,Heuristic,AlphaBeta,red,AlphaBeta,22,0.4470,0.038928,0.001685
2026-04-24_0512,AlphaBeta,Heuristic,53,1,AlphaBeta,Heuristic,blue,AlphaBeta,21,0.3851,0.001516,0.036817
2026-04-24_0512,AlphaBeta,Heuristic,54,0,Heuristic,AlphaBeta,red,AlphaBeta,22,0.4463,0.038858,0.001687
2026-04-24_0512,AlphaBeta,Heuristic,55,1,AlphaBeta,Heuristic,blue,AlphaBeta,21,0.3854,0.001518,0.036841
2026-04-24_0512,AlphaBeta,Heuristic,56,0,Heuristic,AlphaBeta,red,AlphaBeta,22,0.4473,0.038949,0.001691
2026-04-24_0512,AlphaBeta,Heuristic,57,1,AlphaBeta,Heuristic,blue,AlphaBeta,21,0.3857,0.001516,0.036878
2026-04-24_0512,AlphaBeta,Heuristic,58,0,Heuristic,AlphaBeta,red,AlphaBeta,22,0.4476,0.038971,0.001689
2026-04-24_0512,AlphaBeta,Heuristic,59,1,AlphaBeta,Heuristic,blue,AlphaBeta,21,0.3902,0.001530,0.037309
2026-04-24_0512,AlphaBeta,Heuristic,60,0,Heuristic,AlphaBeta,red,AlphaBeta,22,0.4538,0.039529,0.001699
2026-04-24_0512,AlphaBeta,Heuristic,61,1,AlphaBeta,Heuristic,blue,AlphaBeta,21,0.3896,0.001530,0.037256
2026-04-24_0512,AlphaBeta,Heuristic,62,0,Heuristic,AlphaBeta,red,AlphaBeta,22,0.4520,0.039369,0.001697
2026-04-24_0512,AlphaBeta,Heuristic,63,1,AlphaBeta,Heuristic,blue,AlphaBeta,21,0.3879,0.001523,0.037091
2026-04-24_0512,AlphaBeta,Heuristic,64,0,Heuristic,AlphaBeta,red,AlphaBeta,22,0.4454,0.038781,0.001681
2026-04-24_0512,AlphaBeta,Heuristic,65,1,AlphaBeta,Heuristic,blue,AlphaBeta,21,0.3850,0.001515,0.036808
2026-04-24_0512,AlphaBeta,Heuristic,66,0,Heuristic,AlphaBeta,red,AlphaBeta,22,0.4457,0.038808,0.001680
2026-04-24_0512,AlphaBeta,Heuristic,67,1,AlphaBeta,Heuristic,blue,AlphaBeta,21,0.3842,0.001513,0.036734
2026-04-24_0512,AlphaBeta,Heuristic,68,0,Heuristic,AlphaBeta,red,AlphaBeta,22,0.4459,0.038828,0.001680
2026-04-24_0512,AlphaBeta,Heuristic,69,1,AlphaBeta,Heuristic,blue,AlphaBeta,21,0.3842,0.001513,0.036728
2026-04-24_0512,AlphaBeta,Heuristic,70,0,Heuristic,AlphaBeta,red,AlphaBeta,22,0.4456,0.038797,0.001682
2026-04-24_0512,AlphaBeta,Heuristic,71,1,AlphaBeta,Heuristic,blue,AlphaBeta,21,0.3847,0.001519,0.036775
2026-04-24_0512,AlphaBeta,Heuristic,72,0,Heuristic,AlphaBeta,red,AlphaBeta,22,0.4464,0.038864,0.001691
2026-04-24_0512,AlphaBeta,Heuristic,73,1,AlphaBeta,Heuristic,blue,AlphaBeta,21,0.3843,0.001510,0.036741
2026-04-24_0512,AlphaBeta,Heuristic,74,0,Heuristic,AlphaBeta,red,AlphaBeta,22,0.4453,0.038780,0.001677
2026-04-24_0512,AlphaBeta,Heuristic,75,1,AlphaBeta,Heuristic,blue,AlphaBeta,21,0.3843,0.001525,0.036723
2026-04-24_0512,AlphaBeta,Heuristic,76,0,Heuristic,AlphaBeta,red,AlphaBeta,22,0.4468,0.038906,0.001681
2026-04-24_0512,AlphaBeta,Heuristic,77,1,AlphaBeta,Heuristic,blue,AlphaBeta,21,0.3849,0.001513,0.036806
2026-04-24_0512,AlphaBeta,Heuristic,78,0,Heuristic,AlphaBeta,red,AlphaBeta,22,0.4467,0.038899,0.001682
2026-04-24_0512,AlphaBeta,Heuristic,79,1,AlphaBeta,Heuristic,blue,AlphaBeta,21,0.3843,0.001532,0.036715
2026-04-24_0512,AlphaBeta,Heuristic,80,0,Heuristic,AlphaBeta,red,AlphaBeta,22,0.4469,0.038894,0.001703
2026-04-24_0512,AlphaBeta,Heuristic,81,1,AlphaBeta,Heuristic,blue,AlphaBeta,21,0.3885,0.001524,0.037145
2026-04-24_0512,AlphaBeta,Heuristic,82,0,Heuristic,AlphaBeta,red,AlphaBeta,22,0.4505,0.039240,0.001685
2026-04-24_0512,AlphaBeta,Heuristic,83,1,AlphaBeta,Heuristic,blue,AlphaBeta,21,0.3840,0.001511,0.036719
2026-04-24_0512,AlphaBeta,Heuristic,84,0,Heuristic,AlphaBeta,red,AlphaBeta,22,0.4462,0.038850,0.001684
2026-04-24_0512,AlphaBeta,Heuristic,85,1,AlphaBeta,Heuristic,blue,AlphaBeta,21,0.3838,0.001517,0.036682
2026-04-24_0512,AlphaBeta,Heuristic,86,0,Heuristic,AlphaBeta,red,AlphaBeta,22,0.4485,0.039065,0.001683
2026-04-24_0512,AlphaBeta,Heuristic,87,1,AlphaBeta,Heuristic,blue,AlphaBeta,21,0.3840,0.001513,0.036713
2026-04-24_0512,AlphaBeta,Heuristic,88,0,Heuristic,AlphaBeta,red,AlphaBeta,22,0.4459,0.038822,0.001685
2026-04-24_0512,AlphaBeta,Heuristic,89,1,AlphaBeta,Heuristic,blue,AlphaBeta,21,0.3837,0.001512,0.036679
2026-04-24_0512,AlphaBeta,Heuristic,90,0,Heuristic,AlphaBeta,red,AlphaBeta,22,0.4462,0.038858,0.001680
2026-04-24_0512,AlphaBeta,Heuristic,91,1,AlphaBeta,Heuristic,blue,AlphaBeta,21,0.3883,0.001523,0.037126
2026-04-24_0512,AlphaBeta,Heuristic,92,0,Heuristic,AlphaBeta,red,AlphaBeta,22,0.4532,0.039480,0.001697
2026-04-24_0512,AlphaBeta,Heuristic,93,1,AlphaBeta,Heuristic,blue,AlphaBeta,21,0.3864,0.001516,0.036945
2026-04-24_0512,AlphaBeta,Heuristic,94,0,Heuristic,AlphaBeta,red,AlphaBeta,22,0.4470,0.038931,0.001684
2026-04-24_0512,AlphaBeta,Heuristic,95,1,AlphaBeta,Heuristic,blue,AlphaBeta,21,0.3870,0.001521,0.037007
2026-04-24_0512,AlphaBeta,Heuristic,96,0,Heuristic,AlphaBeta,red,AlphaBeta,22,0.4533,0.039471,0.001708
2026-04-24_0512,AlphaBeta,Heuristic,97,1,AlphaBeta,Heuristic,blue,AlphaBeta,21,0.3903,0.001543,0.037310
2026-04-24_0512,AlphaBeta,Heuristic,98,0,Heuristic,AlphaBeta,red,AlphaBeta,22,0.4535,0.039490,0.001715
2026-04-24_0512,AlphaBeta,Heuristic,99,1,AlphaBeta,Heuristic,blue,AlphaBeta,21,0.3906,0.001546,0.037336
2026-04-24_0512,AlphaBeta,Heuristic,100,0,Heuristic,AlphaBeta,red,AlphaBeta,22,0.4535,0.039488,0.001711
2026-04-24_0512,AlphaBeta,MoHex,1,1,AlphaBeta,MoHex,blue,AlphaBeta,25,10.9207,0.368771,0.510534
2026-04-24_0512,AlphaBeta,MoHex,2,0,MoHex,AlphaBeta,red,AlphaBeta,32,15.0726,0.509912,0.432106
2026-04-24_0512,AlphaBeta,MoHex,3,1,AlphaBeta,MoHex,blue,AlphaBeta,23,10.4907,0.414512,0.501488
2026-04-24_0512,AlphaBeta,MoHex,4,0,MoHex,AlphaBeta,red,AlphaBeta,34,14.4378,0.413102,0.436165
2026-04-24_0512,AlphaBeta,MoHex,5,1,AlphaBeta,MoHex,blue,AlphaBeta,35,15.1135,0.355046,0.513084
2026-04-24_0512,AlphaBeta,MoHex,6,0,MoHex,AlphaBeta,red,AlphaBeta,24,11.5013,0.501506,0.456916
2026-04-24_0512,AlphaBeta,MoHex,7,1,AlphaBeta,MoHex,blue,AlphaBeta,21,8.3499,0.284927,0.521560
2026-04-24_0512,AlphaBeta,MoHex,8,0,MoHex,AlphaBeta,red,AlphaBeta,22,10.5819,0.501544,0.460430
2026-04-24_0512,AlphaBeta,MoHex,9,1,AlphaBeta,MoHex,blue,AlphaBeta,25,10.6806,0.359055,0.501054
2026-04-24_0512,AlphaBeta,MoHex,10,0,MoHex,AlphaBeta,red,AlphaBeta,22,10.6607,0.501096,0.468044
2026-04-24_0512,AlphaBeta,MoHex,11,1,AlphaBeta,MoHex,blue,AlphaBeta,49,19.9513,0.307491,0.510985
2026-04-24_0512,AlphaBeta,MoHex,12,0,MoHex,AlphaBeta,red,AlphaBeta,22,11.9649,0.501590,0.586106
2026-04-24_0512,AlphaBeta,MoHex,13,1,AlphaBeta,MoHex,blue,AlphaBeta,31,11.9623,0.340252,0.434533
2026-04-24_0512,AlphaBeta,MoHex,14,0,MoHex,AlphaBeta,red,AlphaBeta,24,12.3356,0.511326,0.516621
2026-04-24_0512,AlphaBeta,MoHex,15,1,AlphaBeta,MoHex,blue,AlphaBeta,41,16.5812,0.312690,0.500724
2026-04-24_0512,AlphaBeta,MoHex,16,0,MoHex,AlphaBeta,red,AlphaBeta,26,13.1974,0.501695,0.513467
2026-04-24_0512,AlphaBeta,MoHex,17,1,AlphaBeta,MoHex,blue,AlphaBeta,49,14.7362,0.268745,0.334051
2026-04-24_0512,AlphaBeta,MoHex,18,0,MoHex,AlphaBeta,red,AlphaBeta,22,10.9605,0.501410,0.494981
2026-04-24_0512,AlphaBeta,MoHex,19,1,AlphaBeta,MoHex,blue,AlphaBeta,39,16.6991,0.358714,0.501286
2026-04-24_0512,AlphaBeta,MoHex,20,0,MoHex,AlphaBeta,red,AlphaBeta,28,12.5005,0.501095,0.391785
2026-04-24_0512,AlphaBeta,MoHex,21,1,AlphaBeta,MoHex,blue,AlphaBeta,33,13.6581,0.379695,0.450185
2026-04-24_0512,AlphaBeta,MoHex,22,0,MoHex,AlphaBeta,red,AlphaBeta,22,11.6514,0.501849,0.557350
2026-04-24_0512,AlphaBeta,MoHex,23,1,AlphaBeta,MoHex,blue,AlphaBeta,39,17.5689,0.391414,0.512647
2026-04-24_0512,AlphaBeta,MoHex,24,0,MoHex,AlphaBeta,red,AlphaBeta,42,21.2304,0.501643,0.509303
2026-04-24_0512,AlphaBeta,MoHex,25,1,AlphaBeta,MoHex,blue,AlphaBeta,67,25.6693,0.261001,0.508935
2026-04-24_0512,AlphaBeta,MoHex,26,0,MoHex,AlphaBeta,red,AlphaBeta,22,7.9915,0.501319,0.225162
2026-04-24_0512,AlphaBeta,MoHex,27,1,AlphaBeta,MoHex,blue,AlphaBeta,57,17.6261,0.262305,0.357820
2026-04-24_0512,AlphaBeta,MoHex,28,0,MoHex,AlphaBeta,red,AlphaBeta,22,11.2368,0.511972,0.509534
2026-04-24_0512,AlphaBeta,MoHex,29,1,AlphaBeta,MoHex,blue,AlphaBeta,27,10.8905,0.348279,0.462643
2026-04-24_0512,AlphaBeta,MoHex,30,0,MoHex,AlphaBeta,red,AlphaBeta,22,10.6936,0.501379,0.470746
2026-04-24_0512,AlphaBeta,MoHex,31,1,AlphaBeta,MoHex,blue,AlphaBeta,39,17.4684,0.384839,0.514274
2026-04-24_0512,AlphaBeta,MoHex,32,0,MoHex,AlphaBeta,red,AlphaBeta,22,10.2737,0.501655,0.432297
2026-04-24_0512,AlphaBeta,MoHex,33,1,AlphaBeta,MoHex,blue,AlphaBeta,57,22.4956,0.283791,0.509466
2026-04-24_0512,AlphaBeta,MoHex,34,0,MoHex,AlphaBeta,red,AlphaBeta,32,16.6189,0.501858,0.536800
2026-04-24_0512,AlphaBeta,MoHex,35,1,AlphaBeta,MoHex,blue,AlphaBeta,27,12.5348,0.430218,0.500887
2026-04-24_0512,AlphaBeta,MoHex,36,0,MoHex,AlphaBeta,red,AlphaBeta,36,15.4063,0.447910,0.407979
2026-04-24_0512,AlphaBeta,MoHex,37,1,AlphaBeta,MoHex,blue,AlphaBeta,25,11.3352,0.409539,0.500916
2026-04-24_0512,AlphaBeta,MoHex,38,0,MoHex,AlphaBeta,red,AlphaBeta,28,13.5455,0.501475,0.466043
2026-04-24_0512,AlphaBeta,MoHex,39,1,AlphaBeta,MoHex,blue,AlphaBeta,37,14.6815,0.345973,0.450428
2026-04-24_0512,AlphaBeta,MoHex,40,0,MoHex,AlphaBeta,red,AlphaBeta,28,13.4683,0.500866,0.461144
2026-04-24_0512,AlphaBeta,MoHex,41,1,AlphaBeta,MoHex,blue,AlphaBeta,31,14.2395,0.420205,0.501063
2026-04-24_0512,AlphaBeta,MoHex,42,0,MoHex,AlphaBeta,red,AlphaBeta,22,10.8554,0.501599,0.485232
2026-04-24_0512,AlphaBeta,MoHex,43,1,AlphaBeta,MoHex,blue,AlphaBeta,23,10.2252,0.374829,0.520644
2026-04-24_0512,AlphaBeta,MoHex,44,0,MoHex,AlphaBeta,red,AlphaBeta,26,13.3564,0.515687,0.511710
2026-04-24_0512,AlphaBeta,MoHex,45,1,AlphaBeta,MoHex,blue,AlphaBeta,27,12.1840,0.382925,0.524831
2026-04-24_0512,AlphaBeta,MoHex,46,0,MoHex,AlphaBeta,red,AlphaBeta,26,12.9563,0.502173,0.494441
2026-04-24_0512,AlphaBeta,MoHex,47,1,AlphaBeta,MoHex,blue,AlphaBeta,43,17.0300,0.314867,0.481078
2026-04-24_0512,AlphaBeta,MoHex,48,0,MoHex,AlphaBeta,red,AlphaBeta,22,11.3793,0.501721,0.532741
2026-04-24_0512,AlphaBeta,MoHex,49,1,AlphaBeta,MoHex,blue,AlphaBeta,35,14.7380,0.333064,0.514269
2026-04-24_0512,AlphaBeta,MoHex,50,0,MoHex,AlphaBeta,red,AlphaBeta,30,15.7156,0.517534,0.530146
2026-04-24_0512,AlphaBeta,MoHex,51,1,AlphaBeta,MoHex,blue,AlphaBeta,41,18.2975,0.393510,0.501668
2026-04-24_0512,AlphaBeta,MoHex,52,0,MoHex,AlphaBeta,red,AlphaBeta,46,20.3197,0.375382,0.508053
2026-04-24_0512,AlphaBeta,MoHex,53,1,AlphaBeta,MoHex,blue,AlphaBeta,23,9.6726,0.346579,0.501221
2026-04-24_0512,AlphaBeta,MoHex,54,0,MoHex,AlphaBeta,red,AlphaBeta,26,11.5925,0.462903,0.428811
2026-04-24_0512,AlphaBeta,MoHex,55,1,AlphaBeta,MoHex,blue,AlphaBeta,21,8.4415,0.312093,0.500834
2026-04-24_0512,AlphaBeta,MoHex,56,0,MoHex,AlphaBeta,red,AlphaBeta,22,11.3183,0.510303,0.518608
2026-04-24_0512,AlphaBeta,MoHex,57,1,AlphaBeta,MoHex,blue,AlphaBeta,27,11.3113,0.342807,0.500911
2026-04-24_0512,AlphaBeta,MoHex,58,0,MoHex,AlphaBeta,red,AlphaBeta,24,12.5412,0.529134,0.515945
2026-04-24_0512,AlphaBeta,MoHex,59,1,AlphaBeta,MoHex,blue,AlphaBeta,39,15.8372,0.359174,0.455440
2026-04-24_0512,AlphaBeta,MoHex,60,0,MoHex,AlphaBeta,red,AlphaBeta,22,10.1262,0.501336,0.419210
2026-04-24_0512,AlphaBeta,MoHex,61,1,AlphaBeta,MoHex,blue,AlphaBeta,47,20.5927,0.387456,0.491017
2026-04-24_0512,AlphaBeta,MoHex,62,0,MoHex,AlphaBeta,red,AlphaBeta,22,11.1293,0.501702,0.510034
2026-04-24_0512,AlphaBeta,MoHex,63,1,AlphaBeta,MoHex,blue,AlphaBeta,31,13.8577,0.396307,0.501105
2026-04-24_0512,AlphaBeta,MoHex,64,0,MoHex,AlphaBeta,red,AlphaBeta,22,9.6869,0.500965,0.379646
2026-04-24_0512,AlphaBeta,MoHex,65,1,AlphaBeta,MoHex,blue,AlphaBeta,27,11.2540,0.338779,0.500839
2026-04-24_0512,AlphaBeta,MoHex,66,0,MoHex,AlphaBeta,red,AlphaBeta,24,11.8117,0.522846,0.461443
2026-04-24_0512,AlphaBeta,MoHex,67,1,AlphaBeta,MoHex,blue,AlphaBeta,43,18.0502,0.365190,0.476939
2026-04-24_0512,AlphaBeta,MoHex,68,0,MoHex,AlphaBeta,red,AlphaBeta,26,11.9858,0.469410,0.452556
2026-04-24_0512,AlphaBeta,MoHex,69,1,AlphaBeta,MoHex,blue,AlphaBeta,29,11.8455,0.322246,0.500829
2026-04-24_0512,AlphaBeta,MoHex,70,0,MoHex,AlphaBeta,red,AlphaBeta,24,10.9180,0.459887,0.449925
2026-04-24_0512,AlphaBeta,MoHex,71,1,AlphaBeta,MoHex,blue,AlphaBeta,25,11.1213,0.393112,0.500889
2026-04-24_0512,AlphaBeta,MoHex,72,0,MoHex,AlphaBeta,blue,MoHex,41,20.4666,0.454125,0.546476
2026-04-24_0512,AlphaBeta,MoHex,73,1,AlphaBeta,MoHex,blue,AlphaBeta,25,10.3868,0.315076,0.524218
2026-04-24_0512,AlphaBeta,MoHex,74,0,MoHex,AlphaBeta,red,AlphaBeta,26,13.6670,0.501603,0.549685
2026-04-24_0512,AlphaBeta,MoHex,75,1,AlphaBeta,MoHex,red,MoHex,64,25.6985,0.315750,0.487309
2026-04-24_0512,AlphaBeta,MoHex,76,0,MoHex,AlphaBeta,red,AlphaBeta,28,12.9219,0.480592,0.442375
2026-04-24_0512,AlphaBeta,MoHex,77,1,AlphaBeta,MoHex,blue,AlphaBeta,31,13.5528,0.439280,0.434935
2026-04-24_0512,AlphaBeta,MoHex,78,0,MoHex,AlphaBeta,red,AlphaBeta,24,11.3532,0.504519,0.441559
2026-04-24_0512,AlphaBeta,MoHex,79,1,AlphaBeta,MoHex,blue,AlphaBeta,39,16.7911,0.363780,0.500803
2026-04-24_0512,AlphaBeta,MoHex,80,0,MoHex,AlphaBeta,red,AlphaBeta,26,13.1549,0.525101,0.486791
2026-04-24_0512,AlphaBeta,MoHex,81,1,AlphaBeta,MoHex,blue,AlphaBeta,35,15.3446,0.401594,0.477393
2026-04-24_0512,AlphaBeta,MoHex,82,0,MoHex,AlphaBeta,red,AlphaBeta,26,10.8513,0.518401,0.316299
2026-04-24_0512,AlphaBeta,MoHex,83,1,AlphaBeta,MoHex,blue,AlphaBeta,25,10.3365,0.332809,0.500820
2026-04-24_0512,AlphaBeta,MoHex,84,0,MoHex,AlphaBeta,red,AlphaBeta,40,18.5145,0.390736,0.534964
2026-04-24_0512,AlphaBeta,MoHex,85,1,AlphaBeta,MoHex,blue,AlphaBeta,25,10.9495,0.379490,0.501323
2026-04-24_0512,AlphaBeta,MoHex,86,0,MoHex,AlphaBeta,red,AlphaBeta,66,23.7651,0.371317,0.348822
2026-04-24_0512,AlphaBeta,MoHex,87,1,AlphaBeta,MoHex,blue,AlphaBeta,45,20.4345,0.400064,0.510572
2026-04-24_0512,AlphaBeta,MoHex,88,0,MoHex,AlphaBeta,red,AlphaBeta,26,12.0764,0.501602,0.427336
2026-04-24_0512,AlphaBeta,MoHex,89,1,AlphaBeta,MoHex,blue,AlphaBeta,33,13.3268,0.341310,0.470268
2026-04-24_0512,AlphaBeta,MoHex,90,0,MoHex,AlphaBeta,red,AlphaBeta,22,11.1377,0.501640,0.510859
2026-04-24_0512,AlphaBeta,MoHex,91,1,AlphaBeta,MoHex,blue,AlphaBeta,25,10.9895,0.355807,0.530316
2026-04-24_0512,AlphaBeta,MoHex,92,0,MoHex,AlphaBeta,red,AlphaBeta,36,16.6242,0.483479,0.440070
2026-04-24_0512,AlphaBeta,MoHex,93,1,AlphaBeta,MoHex,blue,AlphaBeta,51,15.3904,0.258752,0.346500
2026-04-24_0512,AlphaBeta,MoHex,94,0,MoHex,AlphaBeta,red,AlphaBeta,22,10.3844,0.501197,0.442820
2026-04-24_0512,AlphaBeta,MoHex,95,1,AlphaBeta,MoHex,blue,AlphaBeta,33,14.8774,0.401045,0.503711
2026-04-24_0512,AlphaBeta,MoHex,96,0,MoHex,AlphaBeta,red,AlphaBeta,22,11.2085,0.501732,0.517204
2026-04-24_0512,AlphaBeta,MoHex,97,1,AlphaBeta,MoHex,blue,AlphaBeta,43,18.4019,0.345408,0.514408
2026-04-24_0512,AlphaBeta,MoHex,98,0,MoHex,AlphaBeta,red,AlphaBeta,32,17.2644,0.501797,0.577205
2026-04-24_0512,AlphaBeta,MoHex,99,1,AlphaBeta,MoHex,blue,AlphaBeta,45,18.6476,0.314986,0.518299
2026-04-24_0512,AlphaBeta,MoHex,100,0,MoHex,AlphaBeta,red,AlphaBeta,22,11.0793,0.501535,0.505652
2026-04-24_0512,AlphaBeta,AlphaZero,1,1,AlphaBeta,AlphaZero,red,AlphaZero,52,7.7350,0.259256,0.038232
2026-04-24_0512,AlphaBeta,AlphaZero,2,0,AlphaZero,AlphaBeta,red,AlphaBeta,22,5.0281,0.038777,0.418300
2026-04-24_0512,AlphaBeta,AlphaZero,3,1,AlphaBeta,AlphaZero,red,AlphaZero,52,0.8802,0.000739,0.033101
2026-04-24_0512,AlphaBeta,AlphaZero,4,0,AlphaZero,AlphaBeta,red,AlphaBeta,22,0.4173,0.036705,0.001206
2026-04-24_0512,AlphaBeta,AlphaZero,5,1,AlphaBeta,AlphaZero,red,AlphaZero,52,1.3029,0.000727,0.049370
2026-04-24_0512,AlphaBeta,AlphaZero,6,0,AlphaZero,AlphaBeta,red,AlphaBeta,22,0.4143,0.036430,0.001216
2026-04-24_0512,AlphaBeta,AlphaZero,7,1,AlphaBeta,AlphaZero,red,AlphaZero,52,0.8758,0.000732,0.032941
2026-04-24_0512,AlphaBeta,AlphaZero,8,0,AlphaZero,AlphaBeta,red,AlphaBeta,22,0.4132,0.036361,0.001182
2026-04-24_0512,AlphaBeta,AlphaZero,9,1,AlphaBeta,AlphaZero,red,AlphaZero,52,0.8724,0.000710,0.032832
2026-04-24_0512,AlphaBeta,AlphaZero,10,0,AlphaZero,AlphaBeta,red,AlphaBeta,22,0.4120,0.036259,0.001175
2026-04-24_0512,AlphaBeta,AlphaZero,11,1,AlphaBeta,AlphaZero,red,AlphaZero,52,0.8812,0.000706,0.033171
2026-04-24_0512,AlphaBeta,AlphaZero,12,0,AlphaZero,AlphaBeta,red,AlphaBeta,22,0.4173,0.036743,0.001174
2026-04-24_0512,AlphaBeta,AlphaZero,13,1,AlphaBeta,AlphaZero,red,AlphaZero,52,0.8858,0.000706,0.033351
2026-04-24_0512,AlphaBeta,AlphaZero,14,0,AlphaZero,AlphaBeta,red,AlphaBeta,22,0.4162,0.036637,0.001174
2026-04-24_0512,AlphaBeta,AlphaZero,15,1,AlphaBeta,AlphaZero,red,AlphaZero,52,0.8865,0.000705,0.033380
2026-04-24_0512,AlphaBeta,AlphaZero,16,0,AlphaZero,AlphaBeta,red,AlphaBeta,22,0.4157,0.036594,0.001173
2026-04-24_0512,AlphaBeta,AlphaZero,17,1,AlphaBeta,AlphaZero,red,AlphaZero,52,0.8929,0.000702,0.033628
2026-04-24_0512,AlphaBeta,AlphaZero,18,0,AlphaZero,AlphaBeta,red,AlphaBeta,22,0.4161,0.036636,0.001172
2026-04-24_0512,AlphaBeta,AlphaZero,19,1,AlphaBeta,AlphaZero,red,AlphaZero,52,0.9616,0.000727,0.036245
2026-04-24_0512,AlphaBeta,AlphaZero,20,0,AlphaZero,AlphaBeta,red,AlphaBeta,22,0.4194,0.036888,0.001214
2026-04-24_0512,AlphaBeta,AlphaZero,21,1,AlphaBeta,AlphaZero,red,AlphaZero,52,0.9125,0.000727,0.034356
2026-04-24_0512,AlphaBeta,AlphaZero,22,0,AlphaZero,AlphaBeta,red,AlphaBeta,22,0.4186,0.036853,0.001180
2026-04-24_0512,AlphaBeta,AlphaZero,23,1,AlphaBeta,AlphaZero,red,AlphaZero,52,0.9079,0.000709,0.034198
2026-04-24_0512,AlphaBeta,AlphaZero,24,0,AlphaZero,AlphaBeta,red,AlphaBeta,22,0.4188,0.036872,0.001175
2026-04-24_0512,AlphaBeta,AlphaZero,25,1,AlphaBeta,AlphaZero,red,AlphaZero,52,0.9208,0.000708,0.034695
2026-04-24_0512,AlphaBeta,AlphaZero,26,0,AlphaZero,AlphaBeta,red,AlphaBeta,22,0.4215,0.037117,0.001175
2026-04-24_0512,AlphaBeta,AlphaZero,27,1,AlphaBeta,AlphaZero,red,AlphaZero,52,0.9176,0.000708,0.034572
2026-04-24_0512,AlphaBeta,AlphaZero,28,0,AlphaZero,AlphaBeta,red,AlphaBeta,22,0.4196,0.036951,0.001173
2026-04-24_0512,AlphaBeta,AlphaZero,29,1,AlphaBeta,AlphaZero,red,AlphaZero,52,0.9304,0.000703,0.035068
2026-04-24_0512,AlphaBeta,AlphaZero,30,0,AlphaZero,AlphaBeta,red,AlphaBeta,22,0.4195,0.036944,0.001172
2026-04-24_0512,AlphaBeta,AlphaZero,31,1,AlphaBeta,AlphaZero,red,AlphaZero,52,0.9293,0.000704,0.035025
2026-04-24_0512,AlphaBeta,AlphaZero,32,0,AlphaZero,AlphaBeta,red,AlphaBeta,22,0.4197,0.036957,0.001174
2026-04-24_0512,AlphaBeta,AlphaZero,33,1,AlphaBeta,AlphaZero,red,AlphaZero,52,0.9947,0.000736,0.037507
2026-04-24_0512,AlphaBeta,AlphaZero,34,0,AlphaZero,AlphaBeta,red,AlphaBeta,22,0.4201,0.036960,0.001207
2026-04-24_0512,AlphaBeta,AlphaZero,35,1,AlphaBeta,AlphaZero,red,AlphaZero,52,0.9363,0.000715,0.035284
2026-04-24_0512,AlphaBeta,AlphaZero,36,0,AlphaZero,AlphaBeta,red,AlphaBeta,22,0.4204,0.037016,0.001179
2026-04-24_0512,AlphaBeta,AlphaZero,37,1,AlphaBeta,AlphaZero,red,AlphaZero,52,0.9500,0.000706,0.035821
2026-04-24_0512,AlphaBeta,AlphaZero,38,0,AlphaZero,AlphaBeta,red,AlphaBeta,22,0.4215,0.037124,0.001176
2026-04-24_0512,AlphaBeta,AlphaZero,39,1,AlphaBeta,AlphaZero,red,AlphaZero,52,0.9580,0.000707,0.036126
2026-04-24_0512,AlphaBeta,AlphaZero,40,0,AlphaZero,AlphaBeta,red,AlphaBeta,22,0.4209,0.037064,0.001178
2026-04-24_0512,AlphaBeta,AlphaZero,41,1,AlphaBeta,AlphaZero,red,AlphaZero,52,0.9581,0.000706,0.036131
2026-04-24_0512,AlphaBeta,AlphaZero,42,0,AlphaZero,AlphaBeta,red,AlphaBeta,22,0.4147,0.036500,0.001174
2026-04-24_0512,AlphaBeta,AlphaZero,43,1,AlphaBeta,AlphaZero,red,AlphaZero,52,0.8488,0.000705,0.031929
2026-04-24_0512,AlphaBeta,AlphaZero,44,0,AlphaZero,AlphaBeta,red,AlphaBeta,22,0.4082,0.035913,0.001173
2026-04-24_0512,AlphaBeta,AlphaZero,45,1,AlphaBeta,AlphaZero,red,AlphaZero,52,0.8430,0.000707,0.031704
2026-04-24_0512,AlphaBeta,AlphaZero,46,0,AlphaZero,AlphaBeta,red,AlphaBeta,22,0.4651,0.041050,0.001213
2026-04-24_0512,AlphaBeta,AlphaZero,47,1,AlphaBeta,AlphaZero,red,AlphaZero,52,0.8531,0.000733,0.032067
2026-04-24_0512,AlphaBeta,AlphaZero,48,0,AlphaZero,AlphaBeta,red,AlphaBeta,22,0.4098,0.036041,0.001189
2026-04-24_0512,AlphaBeta,AlphaZero,49,1,AlphaBeta,AlphaZero,red,AlphaZero,52,0.8501,0.000712,0.031970
2026-04-24_0512,AlphaBeta,AlphaZero,50,0,AlphaZero,AlphaBeta,red,AlphaBeta,22,0.4115,0.036209,0.001179
2026-04-24_0512,AlphaBeta,AlphaZero,51,1,AlphaBeta,AlphaZero,red,AlphaZero,52,0.8559,0.000704,0.032204
2026-04-24_0512,AlphaBeta,AlphaZero,52,0,AlphaZero,AlphaBeta,red,AlphaBeta,22,0.4128,0.036330,0.001173
2026-04-24_0512,AlphaBeta,AlphaZero,53,1,AlphaBeta,AlphaZero,red,AlphaZero,52,0.8544,0.000704,0.032145
2026-04-24_0512,AlphaBeta,AlphaZero,54,0,AlphaZero,AlphaBeta,red,AlphaBeta,22,0.4109,0.036156,0.001179
2026-04-24_0512,AlphaBeta,AlphaZero,55,1,AlphaBeta,AlphaZero,red,AlphaZero,52,0.8604,0.000706,0.032374
2026-04-24_0512,AlphaBeta,AlphaZero,56,0,AlphaZero,AlphaBeta,red,AlphaBeta,22,0.4141,0.036448,0.001174
2026-04-24_0512,AlphaBeta,AlphaZero,57,1,AlphaBeta,AlphaZero,red,AlphaZero,52,0.8648,0.000704,0.032544
2026-04-24_0512,AlphaBeta,AlphaZero,58,0,AlphaZero,AlphaBeta,red,AlphaBeta,22,0.4135,0.036395,0.001176
2026-04-24_0512,AlphaBeta,AlphaZero,59,1,AlphaBeta,AlphaZero,red,AlphaZero,52,0.8696,0.000709,0.032724
2026-04-24_0512,AlphaBeta,AlphaZero,60,0,AlphaZero,AlphaBeta,red,AlphaBeta,22,0.4688,0.041386,0.001210
2026-04-24_0512,AlphaBeta,AlphaZero,61,1,AlphaBeta,AlphaZero,red,AlphaZero,52,0.8794,0.000735,0.033076
2026-04-24_0512,AlphaBeta,AlphaZero,62,0,AlphaZero,AlphaBeta,red,AlphaBeta,22,0.4154,0.036544,0.001194
2026-04-24_0512,AlphaBeta,AlphaZero,63,1,AlphaBeta,AlphaZero,red,AlphaZero,52,0.8890,0.000712,0.033466
2026-04-24_0512,AlphaBeta,AlphaZero,64,0,AlphaZero,AlphaBeta,red,AlphaBeta,22,0.4162,0.036638,0.001177
2026-04-24_0512,AlphaBeta,AlphaZero,65,1,AlphaBeta,AlphaZero,red,AlphaZero,52,0.8897,0.000707,0.033499
2026-04-24_0512,AlphaBeta,AlphaZero,66,0,AlphaZero,AlphaBeta,red,AlphaBeta,22,0.4159,0.036614,0.001175
2026-04-24_0512,AlphaBeta,AlphaZero,67,1,AlphaBeta,AlphaZero,red,AlphaZero,52,0.8996,0.000707,0.033880
2026-04-24_0512,AlphaBeta,AlphaZero,68,0,AlphaZero,AlphaBeta,red,AlphaBeta,22,0.4168,0.036694,0.001176
2026-04-24_0512,AlphaBeta,AlphaZero,69,1,AlphaBeta,AlphaZero,red,AlphaZero,52,0.9042,0.000705,0.034058
2026-04-24_0512,AlphaBeta,AlphaZero,70,0,AlphaZero,AlphaBeta,red,AlphaBeta,22,0.4173,0.036739,0.001176
2026-04-24_0512,AlphaBeta,AlphaZero,71,1,AlphaBeta,AlphaZero,red,AlphaZero,52,0.9033,0.000706,0.034024
2026-04-24_0512,AlphaBeta,AlphaZero,72,0,AlphaZero,AlphaBeta,red,AlphaBeta,22,0.4190,0.036892,0.001176
2026-04-24_0512,AlphaBeta,AlphaZero,73,1,AlphaBeta,AlphaZero,red,AlphaZero,52,0.9726,0.000713,0.036681
2026-04-24_0512,AlphaBeta,AlphaZero,74,0,AlphaZero,AlphaBeta,red,AlphaBeta,22,0.4184,0.036784,0.001229
2026-04-24_0512,AlphaBeta,AlphaZero,75,1,AlphaBeta,AlphaZero,red,AlphaZero,52,0.9207,0.000738,0.034659
2026-04-24_0512,AlphaBeta,AlphaZero,76,0,AlphaZero,AlphaBeta,red,AlphaBeta,22,0.4196,0.036914,0.001211
2026-04-24_0512,AlphaBeta,AlphaZero,77,1,AlphaBeta,AlphaZero,red,AlphaZero,52,0.9274,0.000720,0.034934
2026-04-24_0512,AlphaBeta,AlphaZero,78,0,AlphaZero,AlphaBeta,red,AlphaBeta,22,0.4174,0.036742,0.001179
2026-04-24_0512,AlphaBeta,AlphaZero,79,1,AlphaBeta,AlphaZero,red,AlphaZero,52,0.9204,0.000708,0.034681
2026-04-24_0512,AlphaBeta,AlphaZero,80,0,AlphaZero,AlphaBeta,red,AlphaBeta,22,0.4216,0.037090,0.001214
2026-04-24_0512,AlphaBeta,AlphaZero,81,1,AlphaBeta,AlphaZero,red,AlphaZero,52,0.9353,0.000707,0.035253
2026-04-24_0512,AlphaBeta,AlphaZero,82,0,AlphaZero,AlphaBeta,red,AlphaBeta,22,0.4213,0.037076,0.001199
2026-04-24_0512,AlphaBeta,AlphaZero,83,1,AlphaBeta,AlphaZero,red,AlphaZero,52,0.9347,0.000712,0.035224
2026-04-24_0512,AlphaBeta,AlphaZero,84,0,AlphaZero,AlphaBeta,red,AlphaBeta,22,0.4198,0.036956,0.001184
2026-04-24_0512,AlphaBeta,AlphaZero,85,1,AlphaBeta,AlphaZero,red,AlphaZero,52,0.9395,0.000710,0.035413
2026-04-24_0512,AlphaBeta,AlphaZero,86,0,AlphaZero,AlphaBeta,red,AlphaBeta,22,0.4185,0.036842,0.001180
2026-04-24_0512,AlphaBeta,AlphaZero,87,1,AlphaBeta,AlphaZero,red,AlphaZero,52,1.0012,0.000728,0.037768
2026-04-24_0512,AlphaBeta,AlphaZero,88,0,AlphaZero,AlphaBeta,red,AlphaBeta,22,0.4210,0.037037,0.001211
2026-04-24_0512,AlphaBeta,AlphaZero,89,1,AlphaBeta,AlphaZero,red,AlphaZero,52,0.9582,0.000722,0.036120
2026-04-24_0512,AlphaBeta,AlphaZero,90,0,AlphaZero,AlphaBeta,red,AlphaBeta,22,0.4207,0.037047,0.001178
2026-04-24_0512,AlphaBeta,AlphaZero,91,1,AlphaBeta,AlphaZero,red,AlphaZero,52,0.9593,0.000708,0.036177
2026-04-24_0512,AlphaBeta,AlphaZero,92,0,AlphaZero,AlphaBeta,red,AlphaBeta,22,0.4201,0.036995,0.001175
2026-04-24_0512,AlphaBeta,AlphaZero,93,1,AlphaBeta,AlphaZero,red,AlphaZero,52,0.8504,0.000707,0.031989
2026-04-24_0512,AlphaBeta,AlphaZero,94,0,AlphaZero,AlphaBeta,red,AlphaBeta,22,0.4113,0.036192,0.001176
2026-04-24_0512,AlphaBeta,AlphaZero,95,1,AlphaBeta,AlphaZero,red,AlphaZero,52,0.8487,0.000705,0.031923
2026-04-24_0512,AlphaBeta,AlphaZero,96,0,AlphaZero,AlphaBeta,red,AlphaBeta,22,0.4097,0.036046,0.001176
2026-04-24_0512,AlphaBeta,AlphaZero,97,1,AlphaBeta,AlphaZero,red,AlphaZero,52,0.8501,0.000707,0.031979
2026-04-24_0512,AlphaBeta,AlphaZero,98,0,AlphaZero,AlphaBeta,red,AlphaBeta,22,0.4099,0.036067,0.001175
2026-04-24_0512,AlphaBeta,AlphaZero,99,1,AlphaBeta,AlphaZero,red,AlphaZero,52,0.8503,0.000705,0.031985
2026-04-24_0512,AlphaBeta,AlphaZero,100,0,AlphaZero,AlphaBeta,red,AlphaBeta,22,0.4100,0.036076,0.001177
2026-04-24_0512,Heuristic,MoHex,1,1,Heuristic,MoHex,blue,Heuristic,35,9.1168,0.032240,0.502116
2026-04-24_0512,Heuristic,MoHex,2,0,MoHex,Heuristic,blue,MoHex,41,5.5766,0.240412,0.026368
2026-04-24_0512,Heuristic,MoHex,3,1,Heuristic,MoHex,blue,Heuristic,43,11.3139,0.031644,0.505566
2026-04-24_0512,Heuristic,MoHex,4,0,MoHex,Heuristic,blue,MoHex,41,5.5957,0.240404,0.027330
2026-04-24_0512,Heuristic,MoHex,5,1,Heuristic,MoHex,blue,Heuristic,33,8.6590,0.031256,0.507955
2026-04-24_0512,Heuristic,MoHex,6,0,MoHex,Heuristic,red,Heuristic,36,8.5015,0.446412,0.025869
2026-04-24_0512,Heuristic,MoHex,7,1,Heuristic,MoHex,red,MoHex,52,11.3769,0.030056,0.407467
2026-04-24_0512,Heuristic,MoHex,8,0,MoHex,Heuristic,blue,MoHex,53,12.2762,0.429202,0.026403
2026-04-24_0512,Heuristic,MoHex,9,1,Heuristic,MoHex,blue,Heuristic,23,5.9478,0.034090,0.503491
2026-04-24_0512,Heuristic,MoHex,10,0,MoHex,Heuristic,red,Heuristic,32,8.0137,0.470628,0.030200
2026-04-24_0512,Heuristic,MoHex,11,1,Heuristic,MoHex,blue,Heuristic,37,9.7019,0.034196,0.502868
2026-04-24_0512,Heuristic,MoHex,12,0,MoHex,Heuristic,blue,MoHex,41,5.5596,0.240354,0.025578
2026-04-24_0512,Heuristic,MoHex,13,1,Heuristic,MoHex,blue,Heuristic,31,7.4939,0.029077,0.468552
2026-04-24_0512,Heuristic,MoHex,14,0,MoHex,Heuristic,blue,MoHex,41,5.6008,0.240384,0.027607
2026-04-24_0512,Heuristic,MoHex,15,1,Heuristic,MoHex,red,MoHex,44,6.6546,0.027413,0.275038
2026-04-24_0512,Heuristic,MoHex,16,0,MoHex,Heuristic,blue,MoHex,41,5.6171,0.240385,0.028421
2026-04-24_0512,Heuristic,MoHex,17,1,Heuristic,MoHex,blue,Heuristic,31,8.1317,0.033485,0.506361
2026-04-24_0512,Heuristic,MoHex,18,0,MoHex,Heuristic,red,Heuristic,32,8.0858,0.476896,0.028445
2026-04-24_0512,Heuristic,MoHex,19,1,Heuristic,MoHex,blue,Heuristic,33,8.0587,0.030440,0.471297
2026-04-24_0512,Heuristic,MoHex,20,0,MoHex,Heuristic,blue,MoHex,41,5.5734,0.240381,0.026239
2026-04-24_0512,Heuristic,MoHex,21,1,Heuristic,MoHex,blue,Heuristic,35,9.1010,0.031439,0.502037
2026-04-24_0512,Heuristic,MoHex,22,0,MoHex,Heuristic,red,Heuristic,36,7.0623,0.363250,0.029071
2026-04-24_0512,Heuristic,MoHex,23,1,Heuristic,MoHex,red,MoHex,42,8.1607,0.028975,0.359598
2026-04-24_0512,Heuristic,MoHex,24,0,MoHex,Heuristic,red,Heuristic,30,7.4789,0.468416,0.030150
2026-04-24_0512,Heuristic,MoHex,25,1,Heuristic,MoHex,blue,Heuristic,43,11.4225,0.030774,0.511643
2026-04-24_0512,Heuristic,MoHex,26,0,MoHex,Heuristic,blue,MoHex,41,6.5988,0.288047,0.027459
2026-04-24_0512,Heuristic,MoHex,27,1,Heuristic,MoHex,blue,Heuristic,27,6.9840,0.032856,0.501820
2026-04-24_0512,Heuristic,MoHex,28,0,MoHex,Heuristic,blue,MoHex,41,5.5811,0.240389,0.026615
2026-04-24_0512,Heuristic,MoHex,29,1,Heuristic,MoHex,blue,Heuristic,39,10.2298,0.033118,0.503504
2026-04-24_0512,Heuristic,MoHex,30,0,MoHex,Heuristic,blue,MoHex,41,5.6163,0.240451,0.028310
2026-04-24_0512,Heuristic,MoHex,31,1,Heuristic,MoHex,blue,Heuristic,29,6.9855,0.030531,0.466226
2026-04-24_0512,Heuristic,MoHex,32,0,MoHex,Heuristic,blue,MoHex,49,11.7312,0.443094,0.027201
2026-04-24_0512,Heuristic,MoHex,33,1,Heuristic,MoHex,blue,Heuristic,27,6.4725,0.031438,0.464005
2026-04-24_0512,Heuristic,MoHex,34,0,MoHex,Heuristic,blue,MoHex,51,10.9057,0.391982,0.028518
2026-04-24_0512,Heuristic,MoHex,35,1,Heuristic,MoHex,blue,Heuristic,45,11.2781,0.030741,0.480462
2026-04-24_0512,Heuristic,MoHex,36,0,MoHex,Heuristic,blue,MoHex,51,12.3574,0.449212,0.027067
2026-04-24_0512,Heuristic,MoHex,37,1,Heuristic,MoHex,blue,Heuristic,39,9.6423,0.030035,0.475847
2026-04-24_0512,Heuristic,MoHex,38,0,MoHex,Heuristic,red,Heuristic,32,7.5558,0.443624,0.028588
2026-04-24_0512,Heuristic,MoHex,39,1,Heuristic,MoHex,blue,Heuristic,35,9.1355,0.032382,0.503056
2026-04-24_0512,Heuristic,MoHex,40,0,MoHex,Heuristic,red,Heuristic,34,8.1317,0.448076,0.030232
2026-04-24_0512,Heuristic,MoHex,41,1,Heuristic,MoHex,blue,Heuristic,53,13.8837,0.029319,0.503494
2026-04-24_0512,Heuristic,MoHex,42,0,MoHex,Heuristic,blue,MoHex,41,5.5501,0.240416,0.025038
2026-04-24_0512,Heuristic,MoHex,43,1,Heuristic,MoHex,blue,Heuristic,29,7.5281,0.032953,0.502385
2026-04-24_0512,Heuristic,MoHex,44,0,MoHex,Heuristic,blue,MoHex,41,5.6192,0.240415,0.028497
2026-04-24_0512,Heuristic,MoHex,45,1,Heuristic,MoHex,blue,Heuristic,31,7.5601,0.032897,0.468886
2026-04-24_0512,Heuristic,MoHex,46,0,MoHex,Heuristic,red,Heuristic,30,8.0786,0.506274,0.032269
2026-04-24_0512,Heuristic,MoHex,47,1,Heuristic,MoHex,blue,Heuristic,41,10.2036,0.030277,0.478345
2026-04-24_0512,Heuristic,MoHex,48,0,MoHex,Heuristic,red,Heuristic,24,6.3920,0.501562,0.031081
2026-04-24_0512,Heuristic,MoHex,49,1,Heuristic,MoHex,blue,Heuristic,25,6.4444,0.032543,0.501759
2026-04-24_0512,Heuristic,MoHex,50,0,MoHex,Heuristic,blue,MoHex,41,5.5926,0.240376,0.027203
2026-04-24_0512,Heuristic,MoHex,51,1,Heuristic,MoHex,blue,Heuristic,27,6.9639,0.031296,0.501955
2026-04-24_0512,Heuristic,MoHex,52,0,MoHex,Heuristic,blue,MoHex,53,12.7437,0.447457,0.025434
2026-04-24_0512,Heuristic,MoHex,53,1,Heuristic,MoHex,red,MoHex,44,6.6698,0.027856,0.275283
2026-04-24_0512,Heuristic,MoHex,54,0,MoHex,Heuristic,blue,MoHex,41,6.0958,0.264211,0.027336
2026-04-24_0512,Heuristic,MoHex,55,1,Heuristic,MoHex,blue,Heuristic,51,9.8587,0.028323,0.364848
2026-04-24_0512,Heuristic,MoHex,56,0,MoHex,Heuristic,blue,MoHex,41,6.6465,0.290319,0.027460
2026-04-24_0512,Heuristic,MoHex,57,1,Heuristic,MoHex,blue,Heuristic,25,6.4130,0.029188,0.502772
2026-04-24_0512,Heuristic,MoHex,58,0,MoHex,Heuristic,blue,MoHex,41,5.6026,0.240333,0.027749
2026-04-24_0512,Heuristic,MoHex,59,1,Heuristic,MoHex,red,MoHex,40,5.6514,0.029376,0.253163
2026-04-24_0512,Heuristic,MoHex,60,0,MoHex,Heuristic,red,Heuristic,28,7.4341,0.501750,0.029232
2026-04-24_0512,Heuristic,MoHex,61,1,Heuristic,MoHex,blue,Heuristic,25,6.4482,0.032851,0.501739
2026-04-24_0512,Heuristic,MoHex,62,0,MoHex,Heuristic,blue,MoHex,41,5.5613,0.240405,0.025608
2026-04-24_0512,Heuristic,MoHex,63,1,Heuristic,MoHex,red,MoHex,42,5.6347,0.027878,0.240410
2026-04-24_0512,Heuristic,MoHex,64,0,MoHex,Heuristic,blue,MoHex,41,5.6073,0.240401,0.027913
2026-04-24_0512,Heuristic,MoHex,65,1,Heuristic,MoHex,blue,Heuristic,53,13.9100,0.029829,0.503969
2026-04-24_0512,Heuristic,MoHex,66,0,MoHex,Heuristic,blue,MoHex,41,5.5953,0.240416,0.027300
2026-04-24_0512,Heuristic,MoHex,67,1,Heuristic,MoHex,red,MoHex,40,7.6469,0.029868,0.352444
2026-04-24_0512,Heuristic,MoHex,68,0,MoHex,Heuristic,blue,MoHex,41,5.5638,0.240404,0.025733
2026-04-24_0512,Heuristic,MoHex,69,1,Heuristic,MoHex,blue,Heuristic,29,6.9904,0.030769,0.466324
2026-04-24_0512,Heuristic,MoHex,70,0,MoHex,Heuristic,red,Heuristic,32,7.4813,0.439532,0.028025
2026-04-24_0512,Heuristic,MoHex,71,1,Heuristic,MoHex,red,MoHex,52,13.3926,0.030244,0.484801
2026-04-24_0512,Heuristic,MoHex,72,0,MoHex,Heuristic,blue,MoHex,41,5.5993,0.240399,0.027516
2026-04-24_0512,Heuristic,MoHex,73,1,Heuristic,MoHex,red,MoHex,48,7.7350,0.028027,0.294229
2026-04-24_0512,Heuristic,MoHex,74,0,MoHex,Heuristic,blue,MoHex,41,6.1060,0.264250,0.027808
2026-04-24_0512,Heuristic,MoHex,75,1,Heuristic,MoHex,blue,Heuristic,45,9.7716,0.028707,0.414117
2026-04-24_0512,Heuristic,MoHex,76,0,MoHex,Heuristic,red,Heuristic,32,7.5049,0.439288,0.029742
2026-04-24_0512,Heuristic,MoHex,77,1,Heuristic,MoHex,blue,Heuristic,41,10.7265,0.030665,0.504095
2026-04-24_0512,Heuristic,MoHex,78,0,MoHex,Heuristic,blue,MoHex,39,8.1060,0.380445,0.026135
2026-04-24_0512,Heuristic,MoHex,79,1,Heuristic,MoHex,blue,Heuristic,49,12.8308,0.029882,0.503444
2026-04-24_0512,Heuristic,MoHex,80,0,MoHex,Heuristic,blue,MoHex,41,5.5717,0.240380,0.026156
2026-04-24_0512,Heuristic,MoHex,81,1,Heuristic,MoHex,red,MoHex,40,5.0929,0.027236,0.227380
2026-04-24_0512,Heuristic,MoHex,82,0,MoHex,Heuristic,red,Heuristic,34,8.0348,0.443125,0.029485
2026-04-24_0512,Heuristic,MoHex,83,1,Heuristic,MoHex,blue,Heuristic,33,8.1208,0.030407,0.475210
2026-04-24_0512,Heuristic,MoHex,84,0,MoHex,Heuristic,blue,MoHex,51,11.3112,0.407261,0.028849
2026-04-24_0512,Heuristic,MoHex,85,1,Heuristic,MoHex,blue,Heuristic,35,8.1121,0.031557,0.443735
2026-04-24_0512,Heuristic,MoHex,86,0,MoHex,Heuristic,blue,MoHex,41,5.5874,0.242922,0.024274
2026-04-24_0512,Heuristic,MoHex,87,1,Heuristic,MoHex,blue,Heuristic,29,7.5038,0.031505,0.502201
2026-04-24_0512,Heuristic,MoHex,88,0,MoHex,Heuristic,blue,MoHex,41,5.5689,0.240379,0.026014
2026-04-24_0512,Heuristic,MoHex,89,1,Heuristic,MoHex,blue,Heuristic,25,6.4368,0.031889,0.501825
2026-04-24_0512,Heuristic,MoHex,90,0,MoHex,Heuristic,red,Heuristic,42,10.1154,0.454431,0.027225
2026-04-24_0512,Heuristic,MoHex,91,1,Heuristic,MoHex,red,MoHex,48,7.2238,0.027994,0.272967
2026-04-24_0512,Heuristic,MoHex,92,0,MoHex,Heuristic,red,Heuristic,38,8.4733,0.422539,0.023406
2026-04-24_0512,Heuristic,MoHex,93,1,Heuristic,MoHex,red,MoHex,42,6.1636,0.028654,0.264817
2026-04-24_0512,Heuristic,MoHex,94,0,MoHex,Heuristic,blue,MoHex,41,5.5788,0.240374,0.026516
2026-04-24_0512,Heuristic,MoHex,95,1,Heuristic,MoHex,blue,Heuristic,37,9.1068,0.030241,0.473987
2026-04-24_0512,Heuristic,MoHex,96,0,MoHex,Heuristic,blue,MoHex,41,5.5917,0.240388,0.027149
2026-04-24_0512,Heuristic,MoHex,97,1,Heuristic,MoHex,blue,Heuristic,31,8.0335,0.031216,0.502239
2026-04-24_0512,Heuristic,MoHex,98,0,MoHex,Heuristic,red,Heuristic,28,6.9695,0.466678,0.031120
2026-04-24_0512,Heuristic,MoHex,99,1,Heuristic,MoHex,blue,Heuristic,25,6.4313,0.031517,0.501775
2026-04-24_0512,Heuristic,MoHex,100,0,MoHex,Heuristic,blue,MoHex,41,5.5810,0.240412,0.026589
2026-04-24_0512,Heuristic,AlphaZero,1,1,Heuristic,AlphaZero,red,AlphaZero,24,0.8511,0.034183,0.036712
2026-04-24_0512,Heuristic,AlphaZero,2,0,AlphaZero,Heuristic,blue,AlphaZero,33,1.1014,0.037031,0.029460
2026-04-24_0512,Heuristic,AlphaZero,3,1,Heuristic,AlphaZero,red,AlphaZero,24,0.8478,0.034107,0.036510
2026-04-24_0512,Heuristic,AlphaZero,4,0,AlphaZero,Heuristic,blue,AlphaZero,33,1.1020,0.037056,0.029471
2026-04-24_0512,Heuristic,AlphaZero,5,1,Heuristic,AlphaZero,red,AlphaZero,24,0.8474,0.034018,0.036570
2026-04-24_0512,Heuristic,AlphaZero,6,0,AlphaZero,Heuristic,blue,AlphaZero,33,1.1029,0.037021,0.029564
2026-04-24_0512,Heuristic,AlphaZero,7,1,Heuristic,AlphaZero,red,AlphaZero,24,0.8468,0.034084,0.036453
2026-04-24_0512,Heuristic,AlphaZero,8,0,AlphaZero,Heuristic,blue,AlphaZero,33,1.1800,0.041647,0.029468
2026-04-24_0512,Heuristic,AlphaZero,9,1,Heuristic,AlphaZero,red,AlphaZero,24,0.8454,0.033908,0.036507
2026-04-24_0512,Heuristic,AlphaZero,10,0,AlphaZero,Heuristic,blue,AlphaZero,33,1.1011,0.037046,0.029428
2026-04-24_0512,Heuristic,AlphaZero,11,1,Heuristic,AlphaZero,red,AlphaZero,24,0.8449,0.033910,0.036469
2026-04-24_0512,Heuristic,AlphaZero,12,0,AlphaZero,Heuristic,blue,AlphaZero,33,1.1013,0.037094,0.029388
2026-04-24_0512,Heuristic,AlphaZero,13,1,Heuristic,AlphaZero,red,AlphaZero,24,0.8469,0.033986,0.036558
2026-04-24_0512,Heuristic,AlphaZero,14,0,AlphaZero,Heuristic,blue,AlphaZero,33,1.1013,0.037050,0.029433
2026-04-24_0512,Heuristic,AlphaZero,15,1,Heuristic,AlphaZero,red,AlphaZero,24,0.8460,0.033965,0.036504
2026-04-24_0512,Heuristic,AlphaZero,16,0,AlphaZero,Heuristic,blue,AlphaZero,33,1.1003,0.037039,0.029381
2026-04-24_0512,Heuristic,AlphaZero,17,1,Heuristic,AlphaZero,red,AlphaZero,24,0.8444,0.033871,0.036460
2026-04-24_0512,Heuristic,AlphaZero,18,0,AlphaZero,Heuristic,blue,AlphaZero,33,1.1003,0.037043,0.029380
2026-04-24_0512,Heuristic,AlphaZero,19,1,Heuristic,AlphaZero,red,AlphaZero,24,0.8458,0.033882,0.036570
2026-04-24_0512,Heuristic,AlphaZero,20,0,AlphaZero,Heuristic,blue,AlphaZero,33,1.1019,0.037071,0.029449
2026-04-24_0512,Heuristic,AlphaZero,21,1,Heuristic,AlphaZero,red,AlphaZero,24,0.8477,0.034099,0.036508
2026-04-24_0512,Heuristic,AlphaZero,22,0,AlphaZero,Heuristic,blue,AlphaZero,33,1.1000,0.036998,0.029410
2026-04-24_0512,Heuristic,AlphaZero,23,1,Heuristic,AlphaZero,red,AlphaZero,24,0.8454,0.033959,0.036460
2026-04-24_0512,Heuristic,AlphaZero,24,0,AlphaZero,Heuristic,blue,AlphaZero,33,1.1014,0.037071,0.029421
2026-04-24_0512,Heuristic,AlphaZero,25,1,Heuristic,AlphaZero,red,AlphaZero,24,0.8477,0.034072,0.036535
2026-04-24_0512,Heuristic,AlphaZero,26,0,AlphaZero,Heuristic,blue,AlphaZero,33,1.1015,0.037051,0.029444
2026-04-24_0512,Heuristic,AlphaZero,27,1,Heuristic,AlphaZero,red,AlphaZero,24,0.8983,0.033935,0.040888
2026-04-24_0512,Heuristic,AlphaZero,28,0,AlphaZero,Heuristic,blue,AlphaZero,33,1.1013,0.037012,0.029476
2026-04-24_0512,Heuristic,AlphaZero,29,1,Heuristic,AlphaZero,red,AlphaZero,24,0.8457,0.033911,0.036533
2026-04-24_0512,Heuristic,AlphaZero,30,0,AlphaZero,Heuristic,blue,AlphaZero,33,1.0992,0.037024,0.029328
2026-04-24_0512,Heuristic,AlphaZero,31,1,Heuristic,AlphaZero,red,AlphaZero,24,0.8457,0.033920,0.036525
2026-04-24_0512,Heuristic,AlphaZero,32,0,AlphaZero,Heuristic,blue,AlphaZero,33,1.1016,0.037064,0.029438
2026-04-24_0512,Heuristic,AlphaZero,33,1,Heuristic,AlphaZero,red,AlphaZero,24,0.8444,0.033878,0.036454
2026-04-24_0512,Heuristic,AlphaZero,34,0,AlphaZero,Heuristic,blue,AlphaZero,33,1.1013,0.037076,0.029406
2026-04-24_0512,Heuristic,AlphaZero,35,1,Heuristic,AlphaZero,red,AlphaZero,24,0.8455,0.033899,0.036527
2026-04-24_0512,Heuristic,AlphaZero,36,0,AlphaZero,Heuristic,blue,AlphaZero,33,1.1016,0.037064,0.029437
2026-04-24_0512,Heuristic,AlphaZero,37,1,Heuristic,AlphaZero,red,AlphaZero,24,0.8446,0.033861,0.036487
2026-04-24_0512,Heuristic,AlphaZero,38,0,AlphaZero,Heuristic,blue,AlphaZero,33,1.0959,0.036751,0.029414
2026-04-24_0512,Heuristic,AlphaZero,39,1,Heuristic,AlphaZero,red,AlphaZero,24,0.8424,0.033907,0.036261
2026-04-24_0512,Heuristic,AlphaZero,40,0,AlphaZero,Heuristic,blue,AlphaZero,33,1.1015,0.037065,0.029430
2026-04-24_0512,Heuristic,AlphaZero,41,1,Heuristic,AlphaZero,red,AlphaZero,24,0.8465,0.033976,0.036533
2026-04-24_0512,Heuristic,AlphaZero,42,0,AlphaZero,Heuristic,blue,AlphaZero,33,1.1000,0.037007,0.029399
2026-04-24_0512,Heuristic,AlphaZero,43,1,Heuristic,AlphaZero,red,AlphaZero,24,0.8440,0.033924,0.036380
2026-04-24_0512,Heuristic,AlphaZero,44,0,AlphaZero,Heuristic,blue,AlphaZero,33,1.0991,0.036946,0.029410
2026-04-24_0512,Heuristic,AlphaZero,45,1,Heuristic,AlphaZero,red,AlphaZero,24,0.8444,0.033912,0.036423
2026-04-24_0512,Heuristic,AlphaZero,46,0,AlphaZero,Heuristic,blue,AlphaZero,33,1.1546,0.040174,0.029449
2026-04-24_0512,Heuristic,AlphaZero,47,1,Heuristic,AlphaZero,red,AlphaZero,24,0.8454,0.033887,0.036531
2026-04-24_0512,Heuristic,AlphaZero,48,0,AlphaZero,Heuristic,blue,AlphaZero,33,1.1029,0.037115,0.029463
2026-04-24_0512,Heuristic,AlphaZero,49,1,Heuristic,AlphaZero,red,AlphaZero,24,0.8446,0.033894,0.036456
2026-04-24_0512,Heuristic,AlphaZero,50,0,AlphaZero,Heuristic,blue,AlphaZero,33,1.0992,0.037013,0.029345
2026-04-24_0512,Heuristic,AlphaZero,51,1,Heuristic,AlphaZero,red,AlphaZero,24,0.8458,0.034011,0.036440
2026-04-24_0512,Heuristic,AlphaZero,52,0,AlphaZero,Heuristic,blue,AlphaZero,33,1.1026,0.037073,0.029488
2026-04-24_0512,Heuristic,AlphaZero,53,1,Heuristic,AlphaZero,red,AlphaZero,24,0.8472,0.034009,0.036560
2026-04-24_0512,Heuristic,AlphaZero,54,0,AlphaZero,Heuristic,blue,AlphaZero,33,1.0994,0.036976,0.029395
2026-04-24_0512,Heuristic,AlphaZero,55,1,Heuristic,AlphaZero,red,AlphaZero,24,0.8464,0.033987,0.036514
2026-04-24_0512,Heuristic,AlphaZero,56,0,AlphaZero,Heuristic,blue,AlphaZero,33,1.1018,0.037047,0.029466
2026-04-24_0512,Heuristic,AlphaZero,57,1,Heuristic,AlphaZero,red,AlphaZero,24,0.8434,0.033788,0.036462
2026-04-24_0512,Heuristic,AlphaZero,58,0,AlphaZero,Heuristic,blue,AlphaZero,33,1.1030,0.037082,0.029503
2026-04-24_0512,Heuristic,AlphaZero,59,1,Heuristic,AlphaZero,red,AlphaZero,24,0.8460,0.034002,0.036462
2026-04-24_0512,Heuristic,AlphaZero,60,0,AlphaZero,Heuristic,blue,AlphaZero,33,1.1002,0.037031,0.029387
2026-04-24_0512,Heuristic,AlphaZero,61,1,Heuristic,AlphaZero,red,AlphaZero,24,0.8465,0.033982,0.036530
2026-04-24_0512,Heuristic,AlphaZero,62,0,AlphaZero,Heuristic,blue,AlphaZero,33,1.1011,0.037052,0.029418
2026-04-24_0512,Heuristic,AlphaZero,63,1,Heuristic,AlphaZero,red,AlphaZero,24,0.8462,0.033971,0.036515
2026-04-24_0512,Heuristic,AlphaZero,64,0,AlphaZero,Heuristic,blue,AlphaZero,33,1.1004,0.037055,0.029370
2026-04-24_0512,Heuristic,AlphaZero,65,1,Heuristic,AlphaZero,red,AlphaZero,24,0.8989,0.033933,0.040941
2026-04-24_0512,Heuristic,AlphaZero,66,0,AlphaZero,Heuristic,blue,AlphaZero,33,1.1009,0.037087,0.029370
2026-04-24_0512,Heuristic,AlphaZero,67,1,Heuristic,AlphaZero,red,AlphaZero,24,0.8448,0.033884,0.036482
2026-04-24_0512,Heuristic,AlphaZero,68,0,AlphaZero,Heuristic,blue,AlphaZero,33,1.0995,0.036992,0.029384
2026-04-24_0512,Heuristic,AlphaZero,69,1,Heuristic,AlphaZero,red,AlphaZero,24,0.8467,0.033995,0.036530
2026-04-24_0512,Heuristic,AlphaZero,70,0,AlphaZero,Heuristic,blue,AlphaZero,33,1.0995,0.037026,0.029348
2026-04-24_0512,Heuristic,AlphaZero,71,1,Heuristic,AlphaZero,red,AlphaZero,24,0.8462,0.033920,0.036568
2026-04-24_0512,Heuristic,AlphaZero,72,0,AlphaZero,Heuristic,blue,AlphaZero,33,1.1037,0.037059,0.029573
2026-04-24_0512,Heuristic,AlphaZero,73,1,Heuristic,AlphaZero,red,AlphaZero,24,0.8469,0.034035,0.036507
2026-04-24_0512,Heuristic,AlphaZero,74,0,AlphaZero,Heuristic,blue,AlphaZero,33,1.1041,0.037053,0.029607
2026-04-24_0512,Heuristic,AlphaZero,75,1,Heuristic,AlphaZero,red,AlphaZero,24,0.8446,0.033904,0.036446
2026-04-24_0512,Heuristic,AlphaZero,76,0,AlphaZero,Heuristic,blue,AlphaZero,33,1.0997,0.037023,0.029364
2026-04-24_0512,Heuristic,AlphaZero,77,1,Heuristic,AlphaZero,red,AlphaZero,24,0.8462,0.034011,0.036477
2026-04-24_0512,Heuristic,AlphaZero,78,0,AlphaZero,Heuristic,blue,AlphaZero,33,1.1004,0.037000,0.029433
2026-04-24_0512,Heuristic,AlphaZero,79,1,Heuristic,AlphaZero,red,AlphaZero,24,0.8466,0.033963,0.036555
2026-04-24_0512,Heuristic,AlphaZero,80,0,AlphaZero,Heuristic,blue,AlphaZero,33,1.0995,0.036990,0.029384
2026-04-24_0512,Heuristic,AlphaZero,81,1,Heuristic,AlphaZero,red,AlphaZero,24,0.8460,0.034044,0.036420
2026-04-24_0512,Heuristic,AlphaZero,82,0,AlphaZero,Heuristic,blue,AlphaZero,33,1.1006,0.037034,0.029408
2026-04-24_0512,Heuristic,AlphaZero,83,1,Heuristic,AlphaZero,red,AlphaZero,24,0.8441,0.033882,0.036424
2026-04-24_0512,Heuristic,AlphaZero,84,0,AlphaZero,Heuristic,blue,AlphaZero,33,1.1546,0.040204,0.029414
2026-04-24_0512,Heuristic,AlphaZero,85,1,Heuristic,AlphaZero,red,AlphaZero,24,0.8447,0.033874,0.036485
2026-04-24_0512,Heuristic,AlphaZero,86,0,AlphaZero,Heuristic,blue,AlphaZero,33,1.1012,0.037042,0.029436
2026-04-24_0512,Heuristic,AlphaZero,87,1,Heuristic,AlphaZero,red,AlphaZero,24,0.8488,0.034202,0.036496
2026-04-24_0512,Heuristic,AlphaZero,88,0,AlphaZero,Heuristic,blue,AlphaZero,33,1.1015,0.036981,0.029518
2026-04-24_0512,Heuristic,AlphaZero,89,1,Heuristic,AlphaZero,red,AlphaZero,24,0.8454,0.033997,0.036420
2026-04-24_0512,Heuristic,AlphaZero,90,0,AlphaZero,Heuristic,blue,AlphaZero,33,1.1022,0.037113,0.029425
2026-04-24_0512,Heuristic,AlphaZero,91,1,Heuristic,AlphaZero,red,AlphaZero,24,0.8459,0.033980,0.036480
2026-04-24_0512,Heuristic,AlphaZero,92,0,AlphaZero,Heuristic,blue,AlphaZero,33,1.1026,0.037064,0.029502
2026-04-24_0512,Heuristic,AlphaZero,93,1,Heuristic,AlphaZero,red,AlphaZero,24,0.8452,0.033927,0.036478
2026-04-24_0512,Heuristic,AlphaZero,94,0,AlphaZero,Heuristic,blue,AlphaZero,33,1.1027,0.037064,0.029510
2026-04-24_0512,Heuristic,AlphaZero,95,1,Heuristic,AlphaZero,red,AlphaZero,24,0.8471,0.034003,0.036559
2026-04-24_0512,Heuristic,AlphaZero,96,0,AlphaZero,Heuristic,blue,AlphaZero,33,1.1018,0.037038,0.029478
2026-04-24_0512,Heuristic,AlphaZero,97,1,Heuristic,AlphaZero,red,AlphaZero,24,0.8483,0.034051,0.036606
2026-04-24_0512,Heuristic,AlphaZero,98,0,AlphaZero,Heuristic,blue,AlphaZero,33,1.1040,0.037058,0.029594
2026-04-24_0512,Heuristic,AlphaZero,99,1,Heuristic,AlphaZero,red,AlphaZero,24,0.8465,0.034051,0.036456
2026-04-24_0512,Heuristic,AlphaZero,100,0,AlphaZero,Heuristic,blue,AlphaZero,33,1.1001,0.037017,0.029397
2026-04-24_0512,MoHex,AlphaZero,1,1,MoHex,AlphaZero,red,AlphaZero,24,6.4613,0.500899,0.037522
2026-04-24_0512,MoHex,AlphaZero,2,0,AlphaZero,MoHex,blue,AlphaZero,43,11.4876,0.044028,0.500887
2026-04-24_0512,MoHex,AlphaZero,3,1,MoHex,AlphaZero,red,AlphaZero,22,5.9239,0.500796,0.037727
2026-04-24_0512,MoHex,AlphaZero,4,0,AlphaZero,MoHex,red,MoHex,30,7.6032,0.039440,0.467423
2026-04-24_0512,MoHex,AlphaZero,5,1,MoHex,AlphaZero,red,AlphaZero,40,10.9049,0.500759,0.044475
2026-04-24_0512,MoHex,AlphaZero,6,0,AlphaZero,MoHex,blue,AlphaZero,23,5.9621,0.037809,0.500748
2026-04-24_0512,MoHex,AlphaZero,7,1,MoHex,AlphaZero,red,AlphaZero,24,6.4835,0.500884,0.039391
2026-04-24_0512,MoHex,AlphaZero,8,0,AlphaZero,MoHex,blue,AlphaZero,63,14.8560,0.041383,0.436488
2026-04-24_0512,MoHex,AlphaZero,9,1,MoHex,AlphaZero,red,AlphaZero,22,5.9411,0.502615,0.037463
2026-04-24_0512,MoHex,AlphaZero,10,0,AlphaZero,MoHex,blue,AlphaZero,23,5.9579,0.037506,0.500700
2026-04-24_0512,MoHex,AlphaZero,11,1,MoHex,AlphaZero,red,AlphaZero,36,9.2550,0.475727,0.038417
2026-04-24_0512,MoHex,AlphaZero,12,0,AlphaZero,MoHex,blue,AlphaZero,29,7.6059,0.039691,0.500738
2026-04-24_0512,MoHex,AlphaZero,13,1,MoHex,AlphaZero,red,AlphaZero,22,6.0165,0.508968,0.037971
2026-04-24_0512,MoHex,AlphaZero,14,0,AlphaZero,MoHex,blue,AlphaZero,23,5.9641,0.037780,0.500959
2026-04-24_0512,MoHex,AlphaZero,15,1,MoHex,AlphaZero,red,AlphaZero,24,6.4636,0.500792,0.037827
2026-04-24_0512,MoHex,AlphaZero,16,0,AlphaZero,MoHex,blue,AlphaZero,23,6.0656,0.046218,0.500981
2026-04-24_0512,MoHex,AlphaZero,17,1,MoHex,AlphaZero,blue,MoHex,75,18.7995,0.453167,0.042620
2026-04-24_0512,MoHex,AlphaZero,18,0,AlphaZero,MoHex,blue,AlphaZero,29,7.6851,0.044944,0.500767
2026-04-24_0512,MoHex,AlphaZero,19,1,MoHex,AlphaZero,red,AlphaZero,22,5.9397,0.502160,0.037796
2026-04-24_0512,MoHex,AlphaZero,20,0,AlphaZero,MoHex,blue,AlphaZero,23,5.9615,0.037765,0.500744
2026-04-24_0512,MoHex,AlphaZero,21,1,MoHex,AlphaZero,red,AlphaZero,46,12.4991,0.505016,0.038401
2026-04-24_0512,MoHex,AlphaZero,22,0,AlphaZero,MoHex,blue,AlphaZero,21,5.5326,0.047396,0.501104
2026-04-24_0512,MoHex,AlphaZero,23,1,MoHex,AlphaZero,red,AlphaZero,22,5.9240,0.500884,0.037649
2026-04-24_0512,MoHex,AlphaZero,24,0,AlphaZero,MoHex,blue,AlphaZero,21,5.4342,0.037204,0.502474
2026-04-24_0512,MoHex,AlphaZero,25,1,MoHex,AlphaZero,red,AlphaZero,22,5.9243,0.500884,0.037677
2026-04-24_0512,MoHex,AlphaZero,26,0,AlphaZero,MoHex,blue,AlphaZero,23,5.9692,0.038424,0.500726
2026-04-24_0512,MoHex,AlphaZero,27,1,MoHex,AlphaZero,red,AlphaZero,52,14.3121,0.506098,0.044322
2026-04-24_0512,MoHex,AlphaZero,28,0,AlphaZero,MoHex,blue,AlphaZero,23,5.9550,0.037161,0.500811
2026-04-24_0512,MoHex,AlphaZero,29,1,MoHex,AlphaZero,red,AlphaZero,28,7.5466,0.500848,0.038182
2026-04-24_0512,MoHex,AlphaZero,30,0,AlphaZero,MoHex,blue,AlphaZero,21,5.4207,0.037565,0.500730
2026-04-24_0512,MoHex,AlphaZero,31,1,MoHex,AlphaZero,red,AlphaZero,22,5.9214,0.500915,0.037378
2026-04-24_0512,MoHex,AlphaZero,32,0,AlphaZero,MoHex,blue,AlphaZero,23,5.9957,0.037509,0.504128
2026-04-24_0512,MoHex,AlphaZero,33,1,MoHex,AlphaZero,red,AlphaZero,22,5.9274,0.500913,0.037925
2026-04-24_0512,MoHex,AlphaZero,34,0,AlphaZero,MoHex,blue,AlphaZero,23,6.0413,0.037569,0.508209
2026-04-24_0512,MoHex,AlphaZero,35,1,MoHex,AlphaZero,red,AlphaZero,22,5.9235,0.500789,0.037694
2026-04-24_0512,MoHex,AlphaZero,36,0,AlphaZero,MoHex,blue,AlphaZero,25,6.5037,0.037768,0.501043
2026-04-24_0512,MoHex,AlphaZero,37,1,MoHex,AlphaZero,red,AlphaZero,24,6.5669,0.500942,0.046284
2026-04-24_0512,MoHex,AlphaZero,38,0,AlphaZero,MoHex,red,MoHex,48,12.5514,0.040802,0.482129
2026-04-24_0512,MoHex,AlphaZero,39,1,MoHex,AlphaZero,red,AlphaZero,22,5.9259,0.500924,0.037778
2026-04-24_0512,MoHex,AlphaZero,40,0,AlphaZero,MoHex,blue,AlphaZero,47,12.1952,0.044844,0.483391
2026-04-24_0512,MoHex,AlphaZero,41,1,MoHex,AlphaZero,red,AlphaZero,22,5.9282,0.501040,0.037872
2026-04-24_0512,MoHex,AlphaZero,42,0,AlphaZero,MoHex,blue,AlphaZero,37,6.8375,0.042813,0.334647
2026-04-24_0512,MoHex,AlphaZero,43,1,MoHex,AlphaZero,red,AlphaZero,42,9.4384,0.406230,0.043192
2026-04-24_0512,MoHex,AlphaZero,44,0,AlphaZero,MoHex,blue,AlphaZero,37,7.7468,0.038033,0.390211
2026-04-24_0512,MoHex,AlphaZero,45,1,MoHex,AlphaZero,red,AlphaZero,30,8.2017,0.501285,0.045480
2026-04-24_0512,MoHex,AlphaZero,46,0,AlphaZero,MoHex,blue,AlphaZero,21,5.5232,0.046836,0.500782
2026-04-24_0512,MoHex,AlphaZero,47,1,MoHex,AlphaZero,red,AlphaZero,22,6.0351,0.501415,0.047207
2026-04-24_0512,MoHex,AlphaZero,48,0,AlphaZero,MoHex,red,MoHex,56,10.7949,0.043669,0.341823
2026-04-24_0512,MoHex,AlphaZero,49,1,MoHex,AlphaZero,red,AlphaZero,22,5.9418,0.502125,0.038024
2026-04-24_0512,MoHex,AlphaZero,50,0,AlphaZero,MoHex,blue,AlphaZero,47,11.1686,0.047173,0.436342
2026-04-24_0512,MoHex,AlphaZero,51,1,MoHex,AlphaZero,red,AlphaZero,22,5.9396,0.500771,0.039181
2026-04-24_0512,MoHex,AlphaZero,52,0,AlphaZero,MoHex,blue,AlphaZero,41,10.8197,0.038287,0.500770
2026-04-24_0512,MoHex,AlphaZero,53,1,MoHex,AlphaZero,red,AlphaZero,22,5.9271,0.500883,0.037928
2026-04-24_0512,MoHex,AlphaZero,54,0,AlphaZero,MoHex,blue,AlphaZero,21,5.4169,0.037182,0.500779
2026-04-24_0512,MoHex,AlphaZero,55,1,MoHex,AlphaZero,red,AlphaZero,32,8.7267,0.500868,0.044534
2026-04-24_0512,MoHex,AlphaZero,56,0,AlphaZero,MoHex,blue,AlphaZero,23,5.9642,0.037926,0.500812
2026-04-24_0512,MoHex,AlphaZero,57,1,MoHex,AlphaZero,red,AlphaZero,26,7.0270,0.501067,0.039454
2026-04-24_0512,MoHex,AlphaZero,58,0,AlphaZero,MoHex,blue,AlphaZero,21,5.4234,0.037804,0.500740
2026-04-24_0512,MoHex,AlphaZero,59,1,MoHex,AlphaZero,red,AlphaZero,34,9.1823,0.501428,0.038686
2026-04-24_0512,MoHex,AlphaZero,60,0,AlphaZero,MoHex,blue,AlphaZero,23,5.9620,0.037641,0.500916
2026-04-24_0512,MoHex,AlphaZero,61,1,MoHex,AlphaZero,red,AlphaZero,22,5.9839,0.506401,0.037572
2026-04-24_0512,MoHex,AlphaZero,62,0,AlphaZero,MoHex,blue,AlphaZero,21,5.4299,0.038038,0.501127
2026-04-24_0512,MoHex,AlphaZero,63,1,MoHex,AlphaZero,red,AlphaZero,26,7.1080,0.507230,0.039519
2026-04-24_0512,MoHex,AlphaZero,64,0,AlphaZero,MoHex,blue,AlphaZero,25,6.6035,0.045694,0.500778
2026-04-24_0512,MoHex,AlphaZero,65,1,MoHex,AlphaZero,red,AlphaZero,22,5.9296,0.501136,0.037901
2026-04-24_0512,MoHex,AlphaZero,66,0,AlphaZero,MoHex,blue,AlphaZero,65,17.3958,0.039956,0.502373
2026-04-24_0512,MoHex,AlphaZero,67,1,MoHex,AlphaZero,red,AlphaZero,22,5.9253,0.501017,0.037629
2026-04-24_0512,MoHex,AlphaZero,68,0,AlphaZero,MoHex,blue,AlphaZero,21,5.4265,0.037994,0.500843
2026-04-24_0512,MoHex,AlphaZero,69,1,MoHex,AlphaZero,red,AlphaZero,22,5.9253,0.500963,0.037685
2026-04-24_0512,MoHex,AlphaZero,70,0,AlphaZero,MoHex,blue,AlphaZero,23,5.9802,0.039299,0.500766
2026-04-24_0512,MoHex,AlphaZero,71,1,MoHex,AlphaZero,red,AlphaZero,22,5.9231,0.500970,0.037479
2026-04-24_0512,MoHex,AlphaZero,72,0,AlphaZero,MoHex,blue,AlphaZero,51,13.0988,0.039678,0.482646
2026-04-24_0512,MoHex,AlphaZero,73,1,MoHex,AlphaZero,red,AlphaZero,22,5.9560,0.503836,0.037608
2026-04-24_0512,MoHex,AlphaZero,74,0,AlphaZero,MoHex,blue,AlphaZero,35,9.3414,0.044836,0.501992
2026-04-24_0512,MoHex,AlphaZero,75,1,MoHex,AlphaZero,red,AlphaZero,32,8.6255,0.501215,0.037854
2026-04-24_0512,MoHex,AlphaZero,76,0,AlphaZero,MoHex,blue,AlphaZero,31,8.1288,0.038454,0.500889
2026-04-24_0512,MoHex,AlphaZero,77,1,MoHex,AlphaZero,red,AlphaZero,22,5.9262,0.501079,0.037646
2026-04-24_0512,MoHex,AlphaZero,78,0,AlphaZero,MoHex,blue,AlphaZero,21,5.4221,0.037341,0.501114
2026-04-24_0512,MoHex,AlphaZero,79,1,MoHex,AlphaZero,red,AlphaZero,34,9.1889,0.500783,0.039723
2026-04-24_0512,MoHex,AlphaZero,80,0,AlphaZero,MoHex,blue,AlphaZero,47,12.0570,0.043052,0.479272
2026-04-24_0512,MoHex,AlphaZero,81,1,MoHex,AlphaZero,red,AlphaZero,22,5.9230,0.500933,0.037504
2026-04-24_0512,MoHex,AlphaZero,82,0,AlphaZero,MoHex,blue,AlphaZero,63,16.9660,0.043190,0.502659
2026-04-24_0512,MoHex,AlphaZero,83,1,MoHex,AlphaZero,red,AlphaZero,22,5.9204,0.500801,0.037408
2026-04-24_0512,MoHex,AlphaZero,84,0,AlphaZero,MoHex,blue,AlphaZero,23,5.9607,0.037644,0.500797
2026-04-24_0512,MoHex,AlphaZero,85,1,MoHex,AlphaZero,red,AlphaZero,22,5.9278,0.501063,0.037809
2026-04-24_0512,MoHex,AlphaZero,86,0,AlphaZero,MoHex,blue,AlphaZero,23,5.9653,0.037857,0.500986
2026-04-24_0512,MoHex,AlphaZero,87,1,MoHex,AlphaZero,red,AlphaZero,22,6.0255,0.500822,0.046934
2026-04-24_0512,MoHex,AlphaZero,88,0,AlphaZero,MoHex,blue,AlphaZero,21,5.4206,0.037565,0.500727
2026-04-24_0512,MoHex,AlphaZero,89,1,MoHex,AlphaZero,red,AlphaZero,50,13.5932,0.500952,0.042757
2026-04-24_0512,MoHex,AlphaZero,90,0,AlphaZero,MoHex,blue,AlphaZero,31,8.1248,0.038346,0.500737
2026-04-24_0512,MoHex,AlphaZero,91,1,MoHex,AlphaZero,red,AlphaZero,34,9.1701,0.501006,0.038391
2026-04-24_0512,MoHex,AlphaZero,92,0,AlphaZero,MoHex,blue,AlphaZero,21,5.4174,0.037254,0.500747
2026-04-24_0512,MoHex,AlphaZero,93,1,MoHex,AlphaZero,red,AlphaZero,44,9.5333,0.393658,0.039651
2026-04-24_0512,MoHex,AlphaZero,94,0,AlphaZero,MoHex,blue,AlphaZero,23,5.9853,0.037858,0.502800
2026-04-24_0512,MoHex,AlphaZero,95,1,MoHex,AlphaZero,red,AlphaZero,22,5.9198,0.500792,0.037359
2026-04-24_0512,MoHex,AlphaZero,96,0,AlphaZero,MoHex,blue,AlphaZero,21,5.4170,0.037219,0.500743
2026-04-24_0512,MoHex,AlphaZero,97,1,MoHex,AlphaZero,red,AlphaZero,28,6.6593,0.430181,0.045460
2026-04-24_0512,MoHex,AlphaZero,98,0,AlphaZero,MoHex,blue,AlphaZero,59,15.7310,0.039621,0.501436
2026-04-24_0512,MoHex,AlphaZero,99,1,MoHex,AlphaZero,red,AlphaZero,22,5.9787,0.505989,0.037515
2026-04-24_0512,MoHex,AlphaZero,100,0,AlphaZero,MoHex,red,MoHex,62,16.4894,0.044121,0.487749
