run_timestamp,name_a,name_b,game_index,a_is_blue,blue_name,red_name,winner,winner_name,total_moves,avg_time_blue,avg_time_red
2026-04-23_1008,model_iter_0001,model_iter_0002,1,1,model_iter_0001,model_iter_0002,blue,model_iter_0001,31,0.118010,0.121008
2026-04-23_1008,model_iter_0001,model_iter_0002,2,0,model_iter_0002,model_iter_0001,blue,model_iter_0002,31,0.124670,0.128689
2026-04-23_1008,model_iter_0001,model_iter_0002,3,1,model_iter_0001,model_iter_0002,blue,model_iter_0001,31,0.130766,0.135933
2026-04-23_1008,model_iter_0001,model_iter_0002,4,0,model_iter_0002,model_iter_0001,blue,model_iter_0002,31,0.131218,0.136270
2026-04-23_1008,model_iter_0001,model_iter_0002,5,1,model_iter_0001,model_iter_0002,blue,model_iter_0001,31,0.132918,0.134825
2026-04-23_1008,model_iter_0001,model_iter_0002,6,0,model_iter_0002,model_iter_0001,blue,model_iter_0002,31,0.130117,0.135083
2026-04-23_1008,model_iter_0001,model_iter_0002,7,1,model_iter_0001,model_iter_0002,blue,model_iter_0001,31,0.129697,0.135193
2026-04-23_1008,model_iter_0001,model_iter_0002,8,0,model_iter_0002,model_iter_0001,blue,model_iter_0002,31,0.130180,0.135427
2026-04-23_1008,model_iter_0001,model_iter_0002,9,1,model_iter_0001,model_iter_0002,blue,model_iter_0001,31,0.129649,0.134901
2026-04-23_1008,model_iter_0001,model_iter_0002,10,0,model_iter_0002,model_iter_0001,blue,model_iter_0002,31,0.130280,0.135340
2026-04-23_1008,model_iter_0001,model_iter_0003,1,1,model_iter_0001,model_iter_0003,blue,model_iter_0001,27,0.126017,0.134323
2026-04-23_1008,model_iter_0001,model_iter_0003,2,0,model_iter_0003,model_iter_0001,red,model_iter_0001,60,0.134445,0.129466
2026-04-23_1008,model_iter_0001,model_iter_0003,3,1,model_iter_0001,model_iter_0003,blue,model_iter_0001,27,0.122537,0.135583
2026-04-23_1008,model_iter_0001,model_iter_0003,4,0,model_iter_0003,model_iter_0001,red,model_iter_0001,60,0.134890,0.130082
2026-04-23_1008,model_iter_0001,model_iter_0003,5,1,model_iter_0001,model_iter_0003,blue,model_iter_0001,27,0.123015,0.139477
2026-04-23_1008,model_iter_0001,model_iter_0003,6,0,model_iter_0003,model_iter_0001,red,model_iter_0001,60,0.135526,0.130230
2026-04-23_1008,model_iter_0001,model_iter_0003,7,1,model_iter_0001,model_iter_0003,blue,model_iter_0001,27,0.122949,0.135411
2026-04-23_1008,model_iter_0001,model_iter_0003,8,0,model_iter_0003,model_iter_0001,red,model_iter_0001,60,0.135142,0.130486
2026-04-23_1008,model_iter_0001,model_iter_0003,9,1,model_iter_0001,model_iter_0003,blue,model_iter_0001,27,0.122672,0.135325
2026-04-23_1008,model_iter_0001,model_iter_0003,10,0,model_iter_0003,model_iter_0001,red,model_iter_0001,60,0.137033,0.130007
2026-04-23_1008,model_iter_0001,model_iter_0004,1,1,model_iter_0001,model_iter_0004,blue,model_iter_0001,21,0.128747,0.135027
2026-04-23_1008,model_iter_0001,model_iter_0004,2,0,model_iter_0004,model_iter_0001,blue,model_iter_0004,37,0.128782,0.135405
2026-04-23_1008,model_iter_0001,model_iter_0004,3,1,model_iter_0001,model_iter_0004,blue,model_iter_0001,21,0.129394,0.135407
2026-04-23_1008,model_iter_0001,model_iter_0004,4,0,model_iter_0004,model_iter_0001,blue,model_iter_0004,37,0.128768,0.135407
2026-04-23_1008,model_iter_0001,model_iter_0004,5,1,model_iter_0001,model_iter_0004,blue,model_iter_0001,21,0.128945,0.135109
2026-04-23_1008,model_iter_0001,model_iter_0004,6,0,model_iter_0004,model_iter_0001,blue,model_iter_0004,37,0.130162,0.139903
2026-04-23_1008,model_iter_0001,model_iter_0004,7,1,model_iter_0001,model_iter_0004,blue,model_iter_0001,21,0.129086,0.135330
2026-04-23_1008,model_iter_0001,model_iter_0004,8,0,model_iter_0004,model_iter_0001,blue,model_iter_0004,37,0.128937,0.135603
2026-04-23_1008,model_iter_0001,model_iter_0004,9,1,model_iter_0001,model_iter_0004,blue,model_iter_0001,21,0.129199,0.135450
2026-04-23_1008,model_iter_0001,model_iter_0004,10,0,model_iter_0004,model_iter_0001,blue,model_iter_0004,37,0.129215,0.135840
2026-04-23_1008,model_iter_0001,model_iter_0005,1,1,model_iter_0001,model_iter_0005,red,model_iter_0005,46,0.135425,0.129478
2026-04-23_1008,model_iter_0001,model_iter_0005,2,0,model_iter_0005,model_iter_0001,blue,model_iter_0005,27,0.125896,0.139243
2026-04-23_1008,model_iter_0001,model_iter_0005,3,1,model_iter_0001,model_iter_0005,red,model_iter_0005,46,0.135132,0.129178
2026-04-23_1008,model_iter_0001,model_iter_0005,4,0,model_iter_0005,model_iter_0001,blue,model_iter_0005,27,0.126267,0.135343
2026-04-23_1008,model_iter_0001,model_iter_0005,5,1,model_iter_0001,model_iter_0005,red,model_iter_0005,46,0.135412,0.129168
2026-04-23_1008,model_iter_0001,model_iter_0005,6,0,model_iter_0005,model_iter_0001,blue,model_iter_0005,27,0.126123,0.135297
2026-04-23_1008,model_iter_0001,model_iter_0005,7,1,model_iter_0001,model_iter_0005,red,model_iter_0005,46,0.135340,0.132102
2026-04-23_1008,model_iter_0001,model_iter_0005,8,0,model_iter_0005,model_iter_0001,blue,model_iter_0005,27,0.126202,0.135294
2026-04-23_1008,model_iter_0001,model_iter_0005,9,1,model_iter_0001,model_iter_0005,red,model_iter_0005,46,0.136127,0.129946
2026-04-23_1008,model_iter_0001,model_iter_0005,10,0,model_iter_0005,model_iter_0001,blue,model_iter_0005,27,0.126279,0.135774
2026-04-23_1008,model_iter_0001,model_iter_0006,1,1,model_iter_0001,model_iter_0006,blue,model_iter_0001,23,0.125653,0.135663
2026-04-23_1008,model_iter_0001,model_iter_0006,2,0,model_iter_0006,model_iter_0001,blue,model_iter_0006,35,0.127824,0.135139
2026-04-23_1008,model_iter_0001,model_iter_0006,3,1,model_iter_0001,model_iter_0006,blue,model_iter_0001,23,0.124960,0.140205
2026-04-23_1008,model_iter_0001,model_iter_0006,4,0,model_iter_0006,model_iter_0001,blue,model_iter_0006,35,0.128248,0.135118
2026-04-23_1008,model_iter_0001,model_iter_0006,5,1,model_iter_0001,model_iter_0006,blue,model_iter_0001,23,0.125717,0.135734
2026-04-23_1008,model_iter_0001,model_iter_0006,6,0,model_iter_0006,model_iter_0001,blue,model_iter_0006,35,0.127971,0.135263
2026-04-23_1008,model_iter_0001,model_iter_0006,7,1,model_iter_0001,model_iter_0006,blue,model_iter_0001,23,0.125453,0.135416
2026-04-23_1008,model_iter_0001,model_iter_0006,8,0,model_iter_0006,model_iter_0001,blue,model_iter_0006,35,0.128918,0.135063
2026-04-23_1008,model_iter_0001,model_iter_0006,9,1,model_iter_0001,model_iter_0006,blue,model_iter_0001,23,0.126106,0.141256
2026-04-23_1008,model_iter_0001,model_iter_0006,10,0,model_iter_0006,model_iter_0001,blue,model_iter_0006,35,0.128398,0.135452
2026-04-23_1008,model_iter_0001,model_iter_0007,1,1,model_iter_0001,model_iter_0007,red,model_iter_0007,38,0.135792,0.131467
2026-04-23_1008,model_iter_0001,model_iter_0007,2,0,model_iter_0007,model_iter_0001,blue,model_iter_0007,27,0.127923,0.135813
2026-04-23_1008,model_iter_0001,model_iter_0007,3,1,model_iter_0001,model_iter_0007,red,model_iter_0007,38,0.134674,0.130352
2026-04-23_1008,model_iter_0001,model_iter_0007,4,0,model_iter_0007,model_iter_0001,blue,model_iter_0007,27,0.127436,0.135886
2026-04-23_1008,model_iter_0001,model_iter_0007,5,1,model_iter_0001,model_iter_0007,red,model_iter_0007,38,0.138463,0.130644
2026-04-23_1008,model_iter_0001,model_iter_0007,6,0,model_iter_0007,model_iter_0001,blue,model_iter_0007,27,0.127301,0.135284
2026-04-23_1008,model_iter_0001,model_iter_0007,7,1,model_iter_0001,model_iter_0007,red,model_iter_0007,38,0.134712,0.130208
2026-04-23_1008,model_iter_0001,model_iter_0007,8,0,model_iter_0007,model_iter_0001,blue,model_iter_0007,27,0.127272,0.135176
2026-04-23_1008,model_iter_0001,model_iter_0007,9,1,model_iter_0001,model_iter_0007,red,model_iter_0007,38,0.136300,0.132262
2026-04-23_1008,model_iter_0001,model_iter_0007,10,0,model_iter_0007,model_iter_0001,blue,model_iter_0007,27,0.133606,0.137305
2026-04-23_1008,model_iter_0001,model_iter_0008,1,1,model_iter_0001,model_iter_0008,red,model_iter_0008,24,0.136196,0.124926
2026-04-23_1008,model_iter_0001,model_iter_0008,2,0,model_iter_0008,model_iter_0001,blue,model_iter_0008,47,0.131798,0.135170
2026-04-23_1008,model_iter_0001,model_iter_0008,3,1,model_iter_0001,model_iter_0008,red,model_iter_0008,24,0.136422,0.125548
2026-04-23_1008,model_iter_0001,model_iter_0008,4,0,model_iter_0008,model_iter_0001,blue,model_iter_0008,47,0.135144,0.138664
2026-04-23_1008,model_iter_0001,model_iter_0008,5,1,model_iter_0001,model_iter_0008,red,model_iter_0008,24,0.140226,0.127357
2026-04-23_1008,model_iter_0001,model_iter_0008,6,0,model_iter_0008,model_iter_0001,blue,model_iter_0008,47,0.141496,0.142714
2026-04-23_1008,model_iter_0001,model_iter_0008,7,1,model_iter_0001,model_iter_0008,red,model_iter_0008,24,0.143561,0.131954
2026-04-23_1008,model_iter_0001,model_iter_0008,8,0,model_iter_0008,model_iter_0001,blue,model_iter_0008,47,0.139346,0.143133
2026-04-23_1008,model_iter_0001,model_iter_0008,9,1,model_iter_0001,model_iter_0008,red,model_iter_0008,24,0.143495,0.131790
2026-04-23_1008,model_iter_0001,model_iter_0008,10,0,model_iter_0008,model_iter_0001,blue,model_iter_0008,47,0.138975,0.142655
2026-04-23_1008,model_iter_0001,model_iter_0009,1,1,model_iter_0001,model_iter_0009,blue,model_iter_0001,27,0.140834,0.143410
2026-04-23_1008,model_iter_0001,model_iter_0009,2,0,model_iter_0009,model_iter_0001,blue,model_iter_0009,51,0.135687,0.143062
2026-04-23_1008,model_iter_0001,model_iter_0009,3,1,model_iter_0001,model_iter_0009,blue,model_iter_0001,27,0.136463,0.142398
2026-04-23_1008,model_iter_0001,model_iter_0009,4,0,model_iter_0009,model_iter_0001,blue,model_iter_0009,51,0.133435,0.140148
2026-04-23_1008,model_iter_0001,model_iter_0009,5,1,model_iter_0001,model_iter_0009,blue,model_iter_0001,27,0.130781,0.142042
2026-04-23_1008,model_iter_0001,model_iter_0009,6,0,model_iter_0009,model_iter_0001,blue,model_iter_0009,51,0.127813,0.134216
2026-04-23_1008,model_iter_0001,model_iter_0009,7,1,model_iter_0001,model_iter_0009,blue,model_iter_0001,27,0.128582,0.134594
2026-04-23_1008,model_iter_0001,model_iter_0009,8,0,model_iter_0009,model_iter_0001,blue,model_iter_0009,51,0.128271,0.134841
2026-04-23_1008,model_iter_0001,model_iter_0009,9,1,model_iter_0001,model_iter_0009,blue,model_iter_0001,27,0.130904,0.137754
2026-04-23_1008,model_iter_0001,model_iter_0009,10,0,model_iter_0009,model_iter_0001,blue,model_iter_0009,51,0.131425,0.136132
2026-04-23_1008,model_iter_0001,model_iter_0010,1,1,model_iter_0001,model_iter_0010,red,model_iter_0010,30,0.134809,0.125978
2026-04-23_1008,model_iter_0001,model_iter_0010,2,0,model_iter_0010,model_iter_0001,blue,model_iter_0010,67,0.131194,0.134704
2026-04-23_1008,model_iter_0001,model_iter_0010,3,1,model_iter_0001,model_iter_0010,red,model_iter_0010,30,0.134875,0.125819
2026-04-23_1008,model_iter_0001,model_iter_0010,4,0,model_iter_0010,model_iter_0001,blue,model_iter_0010,67,0.138220,0.140214
2026-04-23_1008,model_iter_0001,model_iter_0010,5,1,model_iter_0001,model_iter_0010,red,model_iter_0010,30,0.143548,0.133745
2026-04-23_1008,model_iter_0001,model_iter_0010,6,0,model_iter_0010,model_iter_0001,blue,model_iter_0010,67,0.139242,0.142730
2026-04-23_1008,model_iter_0001,model_iter_0010,7,1,model_iter_0001,model_iter_0010,red,model_iter_0010,30,0.143365,0.133713
2026-04-23_1008,model_iter_0001,model_iter_0010,8,0,model_iter_0010,model_iter_0001,blue,model_iter_0010,67,0.138436,0.143608
2026-04-23_1008,model_iter_0001,model_iter_0010,9,1,model_iter_0001,model_iter_0010,red,model_iter_0010,30,0.143807,0.134422
2026-04-23_1008,model_iter_0001,model_iter_0010,10,0,model_iter_0010,model_iter_0001,blue,model_iter_0010,67,0.138939,0.142646
2026-04-23_1008,model_iter_0001,model_iter_0011,1,1,model_iter_0001,model_iter_0011,red,model_iter_0011,28,0.140519,0.135282
2026-04-23_1008,model_iter_0001,model_iter_0011,2,0,model_iter_0011,model_iter_0001,blue,model_iter_0011,61,0.131330,0.139775
2026-04-23_1008,model_iter_0001,model_iter_0011,3,1,model_iter_0001,model_iter_0011,red,model_iter_0011,28,0.140940,0.131373
2026-04-23_1008,model_iter_0001,model_iter_0011,4,0,model_iter_0011,model_iter_0001,blue,model_iter_0011,61,0.130332,0.138148
2026-04-23_1008,model_iter_0001,model_iter_0011,5,1,model_iter_0001,model_iter_0011,red,model_iter_0011,28,0.137086,0.131885
2026-04-23_1008,model_iter_0001,model_iter_0011,6,0,model_iter_0011,model_iter_0001,blue,model_iter_0011,61,0.130290,0.138044
2026-04-23_1008,model_iter_0001,model_iter_0011,7,1,model_iter_0001,model_iter_0011,red,model_iter_0011,28,0.135809,0.134344
2026-04-23_1008,model_iter_0001,model_iter_0011,8,0,model_iter_0011,model_iter_0001,blue,model_iter_0011,61,0.130430,0.138087
2026-04-23_1008,model_iter_0001,model_iter_0011,9,1,model_iter_0001,model_iter_0011,red,model_iter_0011,28,0.136856,0.131452
2026-04-23_1008,model_iter_0001,model_iter_0011,10,0,model_iter_0011,model_iter_0001,blue,model_iter_0011,61,0.130102,0.137780
2026-04-23_1008,model_iter_0001,model_iter_0012,1,1,model_iter_0001,model_iter_0012,blue,model_iter_0001,47,0.136563,0.138781
2026-04-23_1008,model_iter_0001,model_iter_0012,2,0,model_iter_0012,model_iter_0001,blue,model_iter_0012,41,0.132217,0.138967
2026-04-23_1008,model_iter_0001,model_iter_0012,3,1,model_iter_0001,model_iter_0012,blue,model_iter_0001,47,0.133791,0.138916
2026-04-23_1008,model_iter_0001,model_iter_0012,4,0,model_iter_0012,model_iter_0001,blue,model_iter_0012,41,0.131703,0.138197
2026-04-23_1008,model_iter_0001,model_iter_0012,5,1,model_iter_0001,model_iter_0012,blue,model_iter_0001,47,0.132984,0.139444
2026-04-23_1008,model_iter_0001,model_iter_0012,6,0,model_iter_0012,model_iter_0001,blue,model_iter_0012,41,0.131228,0.137358
2026-04-23_1008,model_iter_0001,model_iter_0012,7,1,model_iter_0001,model_iter_0012,blue,model_iter_0001,47,0.132386,0.137190
2026-04-23_1008,model_iter_0001,model_iter_0012,8,0,model_iter_0012,model_iter_0001,blue,model_iter_0012,41,0.130897,0.136818
2026-04-23_1008,model_iter_0001,model_iter_0012,9,1,model_iter_0001,model_iter_0012,blue,model_iter_0001,47,0.134365,0.136734
2026-04-23_1008,model_iter_0001,model_iter_0012,10,0,model_iter_0012,model_iter_0001,blue,model_iter_0012,41,0.131152,0.137515
2026-04-23_1008,model_iter_0001,model_iter_0013,1,1,model_iter_0001,model_iter_0013,red,model_iter_0013,36,0.137732,0.128264
2026-04-23_1008,model_iter_0001,model_iter_0013,2,0,model_iter_0013,model_iter_0001,blue,model_iter_0013,37,0.132954,0.137102
2026-04-23_1008,model_iter_0001,model_iter_0013,3,1,model_iter_0001,model_iter_0013,red,model_iter_0013,36,0.137293,0.127869
2026-04-23_1008,model_iter_0001,model_iter_0013,4,0,model_iter_0013,model_iter_0001,blue,model_iter_0013,37,0.132763,0.140696
2026-04-23_1008,model_iter_0001,model_iter_0013,5,1,model_iter_0001,model_iter_0013,red,model_iter_0013,36,0.137449,0.128209
2026-04-23_1008,model_iter_0001,model_iter_0013,6,0,model_iter_0013,model_iter_0001,blue,model_iter_0013,37,0.132782,0.137322
2026-04-23_1008,model_iter_0001,model_iter_0013,7,1,model_iter_0001,model_iter_0013,red,model_iter_0013,36,0.137247,0.127788
2026-04-23_1008,model_iter_0001,model_iter_0013,8,0,model_iter_0013,model_iter_0001,blue,model_iter_0013,37,0.131914,0.136660
2026-04-23_1008,model_iter_0001,model_iter_0013,9,1,model_iter_0001,model_iter_0013,red,model_iter_0013,36,0.137061,0.130958
2026-04-23_1008,model_iter_0001,model_iter_0013,10,0,model_iter_0013,model_iter_0001,blue,model_iter_0013,37,0.132532,0.137354
2026-04-23_1008,model_iter_0001,model_iter_0014,1,1,model_iter_0001,model_iter_0014,red,model_iter_0014,32,0.137045,0.129689
2026-04-23_1008,model_iter_0001,model_iter_0014,2,0,model_iter_0014,model_iter_0001,blue,model_iter_0014,43,0.131763,0.137274
2026-04-23_1008,model_iter_0001,model_iter_0014,3,1,model_iter_0001,model_iter_0014,red,model_iter_0014,32,0.137829,0.130049
2026-04-23_1008,model_iter_0001,model_iter_0014,4,0,model_iter_0014,model_iter_0001,blue,model_iter_0014,43,0.134542,0.137452
2026-04-23_1008,model_iter_0001,model_iter_0014,5,1,model_iter_0001,model_iter_0014,red,model_iter_0014,32,0.137212,0.129431
2026-04-23_1008,model_iter_0001,model_iter_0014,6,0,model_iter_0014,model_iter_0001,blue,model_iter_0014,43,0.131930,0.137428
2026-04-23_1008,model_iter_0001,model_iter_0014,7,1,model_iter_0001,model_iter_0014,red,model_iter_0014,32,0.136755,0.128585
2026-04-23_1008,model_iter_0001,model_iter_0014,8,0,model_iter_0014,model_iter_0001,blue,model_iter_0014,43,0.133704,0.136775
2026-04-23_1008,model_iter_0001,model_iter_0014,9,1,model_iter_0001,model_iter_0014,red,model_iter_0014,32,0.137125,0.129238
2026-04-23_1008,model_iter_0001,model_iter_0014,10,0,model_iter_0014,model_iter_0001,blue,model_iter_0014,43,0.131693,0.137042
2026-04-23_1008,model_iter_0001,model_iter_0015,1,1,model_iter_0001,model_iter_0015,blue,model_iter_0001,61,0.133707,0.137237
2026-04-23_1008,model_iter_0001,model_iter_0015,2,0,model_iter_0015,model_iter_0001,blue,model_iter_0015,37,0.129222,0.137687
2026-04-23_1008,model_iter_0001,model_iter_0015,3,1,model_iter_0001,model_iter_0015,blue,model_iter_0001,61,0.147315,0.149601
2026-04-23_1008,model_iter_0001,model_iter_0015,4,0,model_iter_0015,model_iter_0001,blue,model_iter_0015,37,0.139577,0.148350
2026-04-23_1008,model_iter_0001,model_iter_0015,5,1,model_iter_0001,model_iter_0015,blue,model_iter_0001,61,0.145205,0.149207
2026-04-23_1008,model_iter_0001,model_iter_0015,6,0,model_iter_0015,model_iter_0001,blue,model_iter_0015,37,0.139667,0.148605
2026-04-23_1008,model_iter_0001,model_iter_0015,7,1,model_iter_0001,model_iter_0015,blue,model_iter_0001,61,0.145580,0.151708
2026-04-23_1008,model_iter_0001,model_iter_0015,8,0,model_iter_0015,model_iter_0001,blue,model_iter_0015,37,0.140458,0.149000
2026-04-23_1008,model_iter_0001,model_iter_0015,9,1,model_iter_0001,model_iter_0015,blue,model_iter_0001,61,0.145317,0.149458
2026-04-23_1008,model_iter_0001,model_iter_0015,10,0,model_iter_0015,model_iter_0001,blue,model_iter_0015,37,0.139766,0.148616
2026-04-23_1008,model_iter_0001,model_iter_0016,1,1,model_iter_0001,model_iter_0016,red,model_iter_0016,28,0.154624,0.139528
2026-04-23_1008,model_iter_0001,model_iter_0016,2,0,model_iter_0016,model_iter_0001,red,model_iter_0001,26,0.149095,0.138099
2026-04-23_1008,model_iter_0001,model_iter_0016,3,1,model_iter_0001,model_iter_0016,red,model_iter_0016,28,0.149488,0.139272
2026-04-23_1008,model_iter_0001,model_iter_0016,4,0,model_iter_0016,model_iter_0001,red,model_iter_0001,26,0.148935,0.138018
2026-04-23_1008,model_iter_0001,model_iter_0016,5,1,model_iter_0001,model_iter_0016,red,model_iter_0016,28,0.149007,0.138693
2026-04-23_1008,model_iter_0001,model_iter_0016,6,0,model_iter_0016,model_iter_0001,red,model_iter_0001,26,0.148730,0.137648
2026-04-23_1008,model_iter_0001,model_iter_0016,7,1,model_iter_0001,model_iter_0016,red,model_iter_0016,28,0.149299,0.138710
2026-04-23_1008,model_iter_0001,model_iter_0016,8,0,model_iter_0016,model_iter_0001,red,model_iter_0001,26,0.148975,0.142621
2026-04-23_1008,model_iter_0001,model_iter_0016,9,1,model_iter_0001,model_iter_0016,red,model_iter_0016,28,0.149294,0.138973
2026-04-23_1008,model_iter_0001,model_iter_0016,10,0,model_iter_0016,model_iter_0001,red,model_iter_0001,26,0.148967,0.137918
2026-04-23_1008,model_iter_0001,model_iter_0017,1,1,model_iter_0001,model_iter_0017,blue,model_iter_0001,41,0.142427,0.148609
2026-04-23_1008,model_iter_0001,model_iter_0017,2,0,model_iter_0017,model_iter_0001,blue,model_iter_0017,51,0.140846,0.148296
2026-04-23_1008,model_iter_0001,model_iter_0017,3,1,model_iter_0001,model_iter_0017,blue,model_iter_0001,41,0.142389,0.151742
2026-04-23_1008,model_iter_0001,model_iter_0017,4,0,model_iter_0017,model_iter_0001,blue,model_iter_0017,51,0.141031,0.148596
2026-04-23_1008,model_iter_0001,model_iter_0017,5,1,model_iter_0001,model_iter_0017,blue,model_iter_0001,41,0.143058,0.149287
2026-04-23_1008,model_iter_0001,model_iter_0017,6,0,model_iter_0017,model_iter_0001,blue,model_iter_0017,51,0.141317,0.148852
2026-04-23_1008,model_iter_0001,model_iter_0017,7,1,model_iter_0001,model_iter_0017,blue,model_iter_0001,41,0.142708,0.152194
2026-04-23_1008,model_iter_0001,model_iter_0017,8,0,model_iter_0017,model_iter_0001,blue,model_iter_0017,51,0.142074,0.149035
2026-04-23_1008,model_iter_0001,model_iter_0017,9,1,model_iter_0001,model_iter_0017,blue,model_iter_0001,41,0.142542,0.148825
2026-04-23_1008,model_iter_0001,model_iter_0017,10,0,model_iter_0017,model_iter_0001,blue,model_iter_0017,51,0.140978,0.148389
2026-04-23_1008,model_iter_0001,model_iter_0018,1,1,model_iter_0001,model_iter_0018,blue,model_iter_0001,29,0.145426,0.148846
2026-04-23_1008,model_iter_0001,model_iter_0018,2,0,model_iter_0018,model_iter_0001,blue,model_iter_0018,37,0.142245,0.149434
2026-04-23_1008,model_iter_0001,model_iter_0018,3,1,model_iter_0001,model_iter_0018,blue,model_iter_0001,29,0.141425,0.148865
2026-04-23_1008,model_iter_0001,model_iter_0018,4,0,model_iter_0018,model_iter_0001,blue,model_iter_0018,37,0.141846,0.148999
2026-04-23_1008,model_iter_0001,model_iter_0018,5,1,model_iter_0001,model_iter_0018,blue,model_iter_0001,29,0.141450,0.148826
2026-04-23_1008,model_iter_0001,model_iter_0018,6,0,model_iter_0018,model_iter_0001,blue,model_iter_0018,37,0.142012,0.148974
2026-04-23_1008,model_iter_0001,model_iter_0018,7,1,model_iter_0001,model_iter_0018,blue,model_iter_0001,29,0.145506,0.149053
2026-04-23_1008,model_iter_0001,model_iter_0018,8,0,model_iter_0018,model_iter_0001,blue,model_iter_0018,37,0.142319,0.149375
2026-04-23_1008,model_iter_0001,model_iter_0018,9,1,model_iter_0001,model_iter_0018,blue,model_iter_0001,29,0.141352,0.148933
2026-04-23_1008,model_iter_0001,model_iter_0018,10,0,model_iter_0018,model_iter_0001,blue,model_iter_0018,37,0.141971,0.149261
2026-04-23_1008,model_iter_0001,model_iter_0019,1,1,model_iter_0001,model_iter_0019,red,model_iter_0019,26,0.147511,0.137690
2026-04-23_1008,model_iter_0001,model_iter_0019,2,0,model_iter_0019,model_iter_0001,blue,model_iter_0019,41,0.145275,0.148918
2026-04-23_1008,model_iter_0001,model_iter_0019,3,1,model_iter_0001,model_iter_0019,red,model_iter_0019,26,0.148158,0.138465
2026-04-23_1008,model_iter_0001,model_iter_0019,4,0,model_iter_0019,model_iter_0001,blue,model_iter_0019,41,0.142347,0.148743
2026-04-23_1008,model_iter_0001,model_iter_0019,5,1,model_iter_0001,model_iter_0019,red,model_iter_0019,26,0.147922,0.138207
2026-04-23_1008,model_iter_0001,model_iter_0019,6,0,model_iter_0019,model_iter_0001,blue,model_iter_0019,41,0.142115,0.148835
2026-04-23_1008,model_iter_0001,model_iter_0019,7,1,model_iter_0001,model_iter_0019,red,model_iter_0019,26,0.146903,0.137173
2026-04-23_1008,model_iter_0001,model_iter_0019,8,0,model_iter_0019,model_iter_0001,blue,model_iter_0019,41,0.144546,0.148246
2026-04-23_1008,model_iter_0001,model_iter_0019,9,1,model_iter_0001,model_iter_0019,red,model_iter_0019,26,0.147353,0.137739
2026-04-23_1008,model_iter_0001,model_iter_0019,10,0,model_iter_0019,model_iter_0001,blue,model_iter_0019,41,0.141599,0.148429
2026-04-23_1008,model_iter_0001,model_iter_0020,1,1,model_iter_0001,model_iter_0020,blue,model_iter_0001,33,0.142753,0.148276
2026-04-23_1008,model_iter_0001,model_iter_0020,2,0,model_iter_0020,model_iter_0001,blue,model_iter_0020,47,0.143801,0.148143
2026-04-23_1008,model_iter_0001,model_iter_0020,3,1,model_iter_0001,model_iter_0020,blue,model_iter_0001,33,0.142067,0.151302
2026-04-23_1008,model_iter_0001,model_iter_0020,4,0,model_iter_0020,model_iter_0001,blue,model_iter_0020,47,0.143963,0.148262
2026-04-23_1008,model_iter_0001,model_iter_0020,5,1,model_iter_0001,model_iter_0020,blue,model_iter_0001,33,0.142467,0.147949
2026-04-23_1008,model_iter_0001,model_iter_0020,6,0,model_iter_0020,model_iter_0001,blue,model_iter_0020,47,0.144218,0.148428
2026-04-23_1008,model_iter_0001,model_iter_0020,7,1,model_iter_0001,model_iter_0020,blue,model_iter_0001,33,0.142540,0.147981
2026-04-23_1008,model_iter_0001,model_iter_0020,8,0,model_iter_0020,model_iter_0001,blue,model_iter_0020,47,0.144431,0.151323
2026-04-23_1008,model_iter_0001,model_iter_0020,9,1,model_iter_0001,model_iter_0020,blue,model_iter_0001,33,0.142993,0.148673
2026-04-23_1008,model_iter_0001,model_iter_0020,10,0,model_iter_0020,model_iter_0001,blue,model_iter_0020,47,0.144454,0.148685
2026-04-23_1008,model_iter_0001,model_iter_0021,1,1,model_iter_0001,model_iter_0021,red,model_iter_0021,72,0.148782,0.144398
2026-04-23_1008,model_iter_0001,model_iter_0021,2,0,model_iter_0021,model_iter_0001,blue,model_iter_0021,37,0.147075,0.148692
2026-04-23_1008,model_iter_0001,model_iter_0021,3,1,model_iter_0001,model_iter_0021,red,model_iter_0021,72,0.149608,0.144908
2026-04-23_1008,model_iter_0001,model_iter_0021,4,0,model_iter_0021,model_iter_0001,blue,model_iter_0021,37,0.144522,0.149302
2026-04-23_1008,model_iter_0001,model_iter_0021,5,1,model_iter_0001,model_iter_0021,red,model_iter_0021,72,0.151004,0.144824
2026-04-23_1008,model_iter_0001,model_iter_0021,6,0,model_iter_0021,model_iter_0001,blue,model_iter_0021,37,0.144289,0.148947
2026-04-23_1008,model_iter_0001,model_iter_0021,7,1,model_iter_0001,model_iter_0021,red,model_iter_0021,72,0.149173,0.144577
2026-04-23_1008,model_iter_0001,model_iter_0021,8,0,model_iter_0021,model_iter_0001,blue,model_iter_0021,37,0.143272,0.148168
2026-04-23_1008,model_iter_0001,model_iter_0021,9,1,model_iter_0001,model_iter_0021,red,model_iter_0021,72,0.151201,0.144809
2026-04-23_1008,model_iter_0001,model_iter_0021,10,0,model_iter_0021,model_iter_0001,blue,model_iter_0021,37,0.144304,0.149117
2026-04-23_1008,model_iter_0001,model_iter_0022,1,1,model_iter_0001,model_iter_0022,blue,model_iter_0001,45,0.140437,0.148454
2026-04-23_1008,model_iter_0001,model_iter_0022,2,0,model_iter_0022,model_iter_0001,blue,model_iter_0022,43,0.141890,0.149009
2026-04-23_1008,model_iter_0001,model_iter_0022,3,1,model_iter_0001,model_iter_0022,blue,model_iter_0001,45,0.140237,0.151220
2026-04-23_1008,model_iter_0001,model_iter_0022,4,0,model_iter_0022,model_iter_0001,blue,model_iter_0022,43,0.142606,0.149855
2026-04-23_1008,model_iter_0001,model_iter_0022,5,1,model_iter_0001,model_iter_0022,blue,model_iter_0001,45,0.140461,0.148466
2026-04-23_1008,model_iter_0001,model_iter_0022,6,0,model_iter_0022,model_iter_0001,blue,model_iter_0022,43,0.141791,0.148910
2026-04-23_1008,model_iter_0001,model_iter_0022,7,1,model_iter_0001,model_iter_0022,blue,model_iter_0001,45,0.139270,0.150057
2026-04-23_1008,model_iter_0001,model_iter_0022,8,0,model_iter_0022,model_iter_0001,blue,model_iter_0022,43,0.142702,0.149811
2026-04-23_1008,model_iter_0001,model_iter_0022,9,1,model_iter_0001,model_iter_0022,blue,model_iter_0001,45,0.140255,0.148361
2026-04-23_1008,model_iter_0001,model_iter_0022,10,0,model_iter_0022,model_iter_0001,blue,model_iter_0022,43,0.141710,0.148750
2026-04-23_1008,model_iter_0001,model_iter_0023,1,1,model_iter_0001,model_iter_0023,blue,model_iter_0001,27,0.142712,0.147920
2026-04-23_1008,model_iter_0001,model_iter_0023,2,0,model_iter_0023,model_iter_0001,blue,model_iter_0023,41,0.142455,0.152363
2026-04-23_1008,model_iter_0001,model_iter_0023,3,1,model_iter_0001,model_iter_0023,blue,model_iter_0001,27,0.143792,0.148884
2026-04-23_1008,model_iter_0001,model_iter_0023,4,0,model_iter_0023,model_iter_0001,blue,model_iter_0023,41,0.142044,0.148774
2026-04-23_1008,model_iter_0001,model_iter_0023,5,1,model_iter_0001,model_iter_0023,blue,model_iter_0001,27,0.142725,0.147822
2026-04-23_1008,model_iter_0001,model_iter_0023,6,0,model_iter_0023,model_iter_0001,blue,model_iter_0023,41,0.141603,0.148483
2026-04-23_1008,model_iter_0001,model_iter_0023,7,1,model_iter_0001,model_iter_0023,blue,model_iter_0001,27,0.143290,0.152845
2026-04-23_1008,model_iter_0001,model_iter_0023,8,0,model_iter_0023,model_iter_0001,blue,model_iter_0023,41,0.142820,0.149892
2026-04-23_1008,model_iter_0001,model_iter_0023,9,1,model_iter_0001,model_iter_0023,blue,model_iter_0001,27,0.143865,0.149027
2026-04-23_1008,model_iter_0001,model_iter_0023,10,0,model_iter_0023,model_iter_0001,blue,model_iter_0023,41,0.142234,0.148965
2026-04-23_1008,model_iter_0001,model_iter_0024,1,1,model_iter_0001,model_iter_0024,blue,model_iter_0001,59,0.147319,0.148875
2026-04-23_1008,model_iter_0001,model_iter_0024,2,0,model_iter_0024,model_iter_0001,blue,model_iter_0024,27,0.139459,0.149667
2026-04-23_1008,model_iter_0001,model_iter_0024,3,1,model_iter_0001,model_iter_0024,blue,model_iter_0001,59,0.145494,0.148953
2026-04-23_1008,model_iter_0001,model_iter_0024,4,0,model_iter_0024,model_iter_0001,blue,model_iter_0024,27,0.138882,0.149037
2026-04-23_1008,model_iter_0001,model_iter_0024,5,1,model_iter_0001,model_iter_0024,blue,model_iter_0001,59,0.144600,0.148361
2026-04-23_1008,model_iter_0001,model_iter_0024,6,0,model_iter_0024,model_iter_0001,blue,model_iter_0024,27,0.139133,0.153741
2026-04-23_1008,model_iter_0001,model_iter_0024,7,1,model_iter_0001,model_iter_0024,blue,model_iter_0001,59,0.145729,0.149337
2026-04-23_1008,model_iter_0001,model_iter_0024,8,0,model_iter_0024,model_iter_0001,blue,model_iter_0024,27,0.139517,0.149501
2026-04-23_1008,model_iter_0001,model_iter_0024,9,1,model_iter_0001,model_iter_0024,blue,model_iter_0001,59,0.145375,0.148987
2026-04-23_1008,model_iter_0001,model_iter_0024,10,0,model_iter_0024,model_iter_0001,blue,model_iter_0024,27,0.138942,0.148831
2026-04-23_1008,model_iter_0001,model_iter_0025,1,1,model_iter_0001,model_iter_0025,red,model_iter_0025,54,0.151608,0.145658
2026-04-23_1008,model_iter_0001,model_iter_0025,2,0,model_iter_0025,model_iter_0001,blue,model_iter_0025,27,0.138821,0.149001
2026-04-23_1008,model_iter_0001,model_iter_0025,3,1,model_iter_0001,model_iter_0025,red,model_iter_0025,54,0.148832,0.145082
2026-04-23_1008,model_iter_0001,model_iter_0025,4,0,model_iter_0025,model_iter_0001,blue,model_iter_0025,27,0.139088,0.149312
2026-04-23_1008,model_iter_0001,model_iter_0025,5,1,model_iter_0001,model_iter_0025,red,model_iter_0025,54,0.151145,0.149365
2026-04-23_1008,model_iter_0001,model_iter_0025,6,0,model_iter_0025,model_iter_0001,blue,model_iter_0025,27,0.141457,0.151950
2026-04-23_1008,model_iter_0001,model_iter_0025,7,1,model_iter_0001,model_iter_0025,red,model_iter_0025,54,0.151414,0.147737
2026-04-23_1008,model_iter_0001,model_iter_0025,8,0,model_iter_0025,model_iter_0001,blue,model_iter_0025,27,0.140039,0.150607
2026-04-23_1008,model_iter_0001,model_iter_0025,9,1,model_iter_0001,model_iter_0025,red,model_iter_0025,54,0.163599,0.155343
2026-04-23_1008,model_iter_0001,model_iter_0025,10,0,model_iter_0025,model_iter_0001,blue,model_iter_0025,27,0.141371,0.151842
2026-04-23_1008,model_iter_0001,model_iter_0026,1,1,model_iter_0001,model_iter_0026,blue,model_iter_0001,35,0.146942,0.150852
2026-04-23_1008,model_iter_0001,model_iter_0026,2,0,model_iter_0026,model_iter_0001,blue,model_iter_0026,39,0.143652,0.150839
2026-04-23_1008,model_iter_0001,model_iter_0026,3,1,model_iter_0001,model_iter_0026,blue,model_iter_0001,35,0.146621,0.150317
2026-04-23_1008,model_iter_0001,model_iter_0026,4,0,model_iter_0026,model_iter_0001,blue,model_iter_0026,39,0.143448,0.153960
2026-04-23_1008,model_iter_0001,model_iter_0026,5,1,model_iter_0001,model_iter_0026,blue,model_iter_0001,35,0.146238,0.149926
2026-04-23_1008,model_iter_0001,model_iter_0026,6,0,model_iter_0026,model_iter_0001,blue,model_iter_0026,39,0.144335,0.151430
2026-04-23_1008,model_iter_0001,model_iter_0026,7,1,model_iter_0001,model_iter_0026,blue,model_iter_0001,35,0.146052,0.149900
2026-04-23_1008,model_iter_0001,model_iter_0026,8,0,model_iter_0026,model_iter_0001,blue,model_iter_0026,39,0.146591,0.150898
2026-04-23_1008,model_iter_0001,model_iter_0026,9,1,model_iter_0001,model_iter_0026,blue,model_iter_0001,35,0.146378,0.150302
2026-04-23_1008,model_iter_0001,model_iter_0026,10,0,model_iter_0026,model_iter_0001,blue,model_iter_0026,39,0.143744,0.151227
2026-04-23_1008,model_iter_0001,model_iter_0027,1,1,model_iter_0001,model_iter_0027,blue,model_iter_0001,41,0.144922,0.149664
2026-04-23_1008,model_iter_0001,model_iter_0027,2,0,model_iter_0027,model_iter_0001,blue,model_iter_0027,31,0.141132,0.150236
2026-04-23_1008,model_iter_0001,model_iter_0027,3,1,model_iter_0001,model_iter_0027,blue,model_iter_0001,41,0.145591,0.153486
2026-04-23_1008,model_iter_0001,model_iter_0027,4,0,model_iter_0027,model_iter_0001,blue,model_iter_0027,31,0.141777,0.150514
2026-04-23_1008,model_iter_0001,model_iter_0027,5,1,model_iter_0001,model_iter_0027,blue,model_iter_0001,41,0.145913,0.150784
2026-04-23_1008,model_iter_0001,model_iter_0027,6,0,model_iter_0027,model_iter_0001,blue,model_iter_0027,31,0.141310,0.150253
2026-04-23_1008,model_iter_0001,model_iter_0027,7,1,model_iter_0001,model_iter_0027,blue,model_iter_0001,41,0.147061,0.148797
2026-04-23_1008,model_iter_0001,model_iter_0027,8,0,model_iter_0027,model_iter_0001,blue,model_iter_0027,31,0.141081,0.150299
2026-04-23_1008,model_iter_0001,model_iter_0027,9,1,model_iter_0001,model_iter_0027,blue,model_iter_0001,41,0.144933,0.149686
2026-04-23_1008,model_iter_0001,model_iter_0027,10,0,model_iter_0027,model_iter_0001,blue,model_iter_0027,31,0.141184,0.150182
2026-04-23_1008,model_iter_0001,model_iter_0028,1,1,model_iter_0001,model_iter_0028,blue,model_iter_0001,43,0.143909,0.148717
2026-04-23_1008,model_iter_0001,model_iter_0028,2,0,model_iter_0028,model_iter_0001,blue,model_iter_0028,35,0.142316,0.153768
2026-04-23_1008,model_iter_0001,model_iter_0028,3,1,model_iter_0001,model_iter_0028,blue,model_iter_0001,43,0.144424,0.148830
2026-04-23_1008,model_iter_0001,model_iter_0028,4,0,model_iter_0028,model_iter_0001,blue,model_iter_0028,35,0.142365,0.150433
2026-04-23_1008,model_iter_0001,model_iter_0028,5,1,model_iter_0001,model_iter_0028,blue,model_iter_0001,43,0.144675,0.149275
2026-04-23_1008,model_iter_0001,model_iter_0028,6,0,model_iter_0028,model_iter_0001,blue,model_iter_0028,35,0.142764,0.150854
2026-04-23_1008,model_iter_0001,model_iter_0028,7,1,model_iter_0001,model_iter_0028,blue,model_iter_0001,43,0.144822,0.152632
2026-04-23_1008,model_iter_0001,model_iter_0028,8,0,model_iter_0028,model_iter_0001,blue,model_iter_0028,35,0.142630,0.150625
2026-04-23_1008,model_iter_0001,model_iter_0028,9,1,model_iter_0001,model_iter_0028,blue,model_iter_0001,43,0.144237,0.148890
2026-04-23_1008,model_iter_0001,model_iter_0028,10,0,model_iter_0028,model_iter_0001,blue,model_iter_0028,35,0.142156,0.150195
2026-04-23_1008,model_iter_0001,model_iter_0029,1,1,model_iter_0001,model_iter_0029,blue,model_iter_0001,45,0.144836,0.152091
2026-04-23_1008,model_iter_0001,model_iter_0029,2,0,model_iter_0029,model_iter_0001,blue,model_iter_0029,51,0.146296,0.151166
2026-04-23_1008,model_iter_0001,model_iter_0029,3,1,model_iter_0001,model_iter_0029,blue,model_iter_0001,45,0.145343,0.150505
2026-04-23_1008,model_iter_0001,model_iter_0029,4,0,model_iter_0029,model_iter_0001,blue,model_iter_0029,51,0.145901,0.151015
2026-04-23_1008,model_iter_0001,model_iter_0029,5,1,model_iter_0001,model_iter_0029,blue,model_iter_0001,45,0.147057,0.149799
2026-04-23_1008,model_iter_0001,model_iter_0029,6,0,model_iter_0029,model_iter_0001,blue,model_iter_0029,51,0.145715,0.150365
2026-04-23_1008,model_iter_0001,model_iter_0029,7,1,model_iter_0001,model_iter_0029,blue,model_iter_0001,45,0.144481,0.149555
2026-04-23_1008,model_iter_0001,model_iter_0029,8,0,model_iter_0029,model_iter_0001,blue,model_iter_0029,51,0.144859,0.148882
2026-04-23_1008,model_iter_0001,model_iter_0029,9,1,model_iter_0001,model_iter_0029,blue,model_iter_0001,45,0.145415,0.153150
2026-04-23_1008,model_iter_0001,model_iter_0029,10,0,model_iter_0029,model_iter_0001,blue,model_iter_0029,51,0.145465,0.150177
2026-04-23_1008,model_iter_0001,model_iter_0030,1,1,model_iter_0001,model_iter_0030,blue,model_iter_0001,45,0.147052,0.149722
2026-04-23_1008,model_iter_0001,model_iter_0030,2,0,model_iter_0030,model_iter_0001,blue,model_iter_0030,37,0.140688,0.150312
2026-04-23_1008,model_iter_0001,model_iter_0030,3,1,model_iter_0001,model_iter_0030,blue,model_iter_0001,45,0.149415,0.150169
2026-04-23_1008,model_iter_0001,model_iter_0030,4,0,model_iter_0030,model_iter_0001,blue,model_iter_0030,37,0.140850,0.150762
2026-04-23_1008,model_iter_0001,model_iter_0030,5,1,model_iter_0001,model_iter_0030,blue,model_iter_0001,45,0.147877,0.150530
2026-04-23_1008,model_iter_0001,model_iter_0030,6,0,model_iter_0030,model_iter_0001,blue,model_iter_0030,37,0.140717,0.150685
2026-04-23_1008,model_iter_0001,model_iter_0030,7,1,model_iter_0001,model_iter_0030,blue,model_iter_0001,45,0.150474,0.150071
2026-04-23_1008,model_iter_0001,model_iter_0030,8,0,model_iter_0030,model_iter_0001,blue,model_iter_0030,37,0.141585,0.151449
2026-04-23_1008,model_iter_0001,model_iter_0030,9,1,model_iter_0001,model_iter_0030,blue,model_iter_0001,45,0.147885,0.150606
2026-04-23_1008,model_iter_0001,model_iter_0030,10,0,model_iter_0030,model_iter_0001,blue,model_iter_0030,37,0.140573,0.150437
2026-04-23_1008,model_iter_0001,model_iter_0031,1,1,model_iter_0001,model_iter_0031,blue,model_iter_0001,43,0.145833,0.152732
2026-04-23_1008,model_iter_0001,model_iter_0031,2,0,model_iter_0031,model_iter_0001,blue,model_iter_0031,23,0.140004,0.152034
2026-04-23_1008,model_iter_0001,model_iter_0031,3,1,model_iter_0001,model_iter_0031,blue,model_iter_0001,43,0.147136,0.150919
2026-04-23_1008,model_iter_0001,model_iter_0031,4,0,model_iter_0031,model_iter_0001,blue,model_iter_0031,23,0.139761,0.151483
2026-04-23_1008,model_iter_0001,model_iter_0031,5,1,model_iter_0001,model_iter_0031,blue,model_iter_0001,43,0.146316,0.150393
2026-04-23_1008,model_iter_0001,model_iter_0031,6,0,model_iter_0031,model_iter_0001,blue,model_iter_0031,23,0.139485,0.151387
2026-04-23_1008,model_iter_0001,model_iter_0031,7,1,model_iter_0001,model_iter_0031,blue,model_iter_0001,43,0.149545,0.150618
2026-04-23_1008,model_iter_0001,model_iter_0031,8,0,model_iter_0031,model_iter_0001,blue,model_iter_0031,23,0.139858,0.151759
2026-04-23_1008,model_iter_0001,model_iter_0031,9,1,model_iter_0001,model_iter_0031,blue,model_iter_0001,43,0.145410,0.149443
2026-04-23_1008,model_iter_0001,model_iter_0031,10,0,model_iter_0031,model_iter_0001,blue,model_iter_0031,23,0.138421,0.150172
2026-04-23_1008,model_iter_0001,model_iter_0032,1,1,model_iter_0001,model_iter_0032,blue,model_iter_0001,27,0.144542,0.149887
2026-04-23_1008,model_iter_0001,model_iter_0032,2,0,model_iter_0032,model_iter_0001,blue,model_iter_0032,25,0.141753,0.156151
2026-04-23_1008,model_iter_0001,model_iter_0032,3,1,model_iter_0001,model_iter_0032,blue,model_iter_0001,27,0.145049,0.150465
2026-04-23_1008,model_iter_0001,model_iter_0032,4,0,model_iter_0032,model_iter_0001,blue,model_iter_0032,25,0.142563,0.150549
2026-04-23_1008,model_iter_0001,model_iter_0032,5,1,model_iter_0001,model_iter_0032,blue,model_iter_0001,27,0.144728,0.150144
2026-04-23_1008,model_iter_0001,model_iter_0032,6,0,model_iter_0032,model_iter_0001,blue,model_iter_0032,25,0.141984,0.150216
2026-04-23_1008,model_iter_0001,model_iter_0032,7,1,model_iter_0001,model_iter_0032,blue,model_iter_0001,27,0.145168,0.150437
2026-04-23_1008,model_iter_0001,model_iter_0032,8,0,model_iter_0032,model_iter_0001,blue,model_iter_0032,25,0.141391,0.149624
2026-04-23_1008,model_iter_0001,model_iter_0032,9,1,model_iter_0001,model_iter_0032,blue,model_iter_0001,27,0.146127,0.155717
2026-04-23_1008,model_iter_0001,model_iter_0032,10,0,model_iter_0032,model_iter_0001,blue,model_iter_0032,25,0.142881,0.151000
2026-04-23_1008,model_iter_0001,model_iter_0033,1,1,model_iter_0001,model_iter_0033,blue,model_iter_0001,35,0.144134,0.150148
2026-04-23_1008,model_iter_0001,model_iter_0033,2,0,model_iter_0033,model_iter_0001,blue,model_iter_0033,25,0.142862,0.151419
2026-04-23_1008,model_iter_0001,model_iter_0033,3,1,model_iter_0001,model_iter_0033,blue,model_iter_0001,35,0.143958,0.150113
2026-04-23_1008,model_iter_0001,model_iter_0033,4,0,model_iter_0033,model_iter_0001,blue,model_iter_0033,25,0.141701,0.150003
2026-04-23_1008,model_iter_0001,model_iter_0033,5,1,model_iter_0001,model_iter_0033,blue,model_iter_0001,35,0.148305,0.150978
2026-04-23_1008,model_iter_0001,model_iter_0033,6,0,model_iter_0033,model_iter_0001,blue,model_iter_0033,25,0.142868,0.151318
2026-04-23_1008,model_iter_0001,model_iter_0033,7,1,model_iter_0001,model_iter_0033,blue,model_iter_0001,35,0.144245,0.150584
2026-04-23_1008,model_iter_0001,model_iter_0033,8,0,model_iter_0033,model_iter_0001,blue,model_iter_0033,25,0.142078,0.150360
2026-04-23_1008,model_iter_0001,model_iter_0033,9,1,model_iter_0001,model_iter_0033,blue,model_iter_0001,35,0.144116,0.150384
2026-04-23_1008,model_iter_0001,model_iter_0033,10,0,model_iter_0033,model_iter_0001,blue,model_iter_0033,25,0.147459,0.150412
2026-04-23_1008,model_iter_0001,model_iter_0034,1,1,model_iter_0001,model_iter_0034,blue,model_iter_0001,37,0.144138,0.150559
2026-04-23_1008,model_iter_0001,model_iter_0034,2,0,model_iter_0034,model_iter_0001,blue,model_iter_0034,25,0.141713,0.152008
2026-04-23_1008,model_iter_0001,model_iter_0034,3,1,model_iter_0001,model_iter_0034,blue,model_iter_0001,37,0.143010,0.149586
2026-04-23_1008,model_iter_0001,model_iter_0034,4,0,model_iter_0034,model_iter_0001,blue,model_iter_0034,25,0.140609,0.150431
2026-04-23_1008,model_iter_0001,model_iter_0034,5,1,model_iter_0001,model_iter_0034,blue,model_iter_0001,37,0.143287,0.149742
2026-04-23_1008,model_iter_0001,model_iter_0034,6,0,model_iter_0034,model_iter_0001,blue,model_iter_0034,25,0.141288,0.156172
2026-04-23_1008,model_iter_0001,model_iter_0034,7,1,model_iter_0001,model_iter_0034,blue,model_iter_0001,37,0.143681,0.150289
2026-04-23_1008,model_iter_0001,model_iter_0034,8,0,model_iter_0034,model_iter_0001,blue,model_iter_0034,25,0.141640,0.151513
2026-04-23_1008,model_iter_0001,model_iter_0034,9,1,model_iter_0001,model_iter_0034,blue,model_iter_0001,37,0.144110,0.150565
2026-04-23_1008,model_iter_0001,model_iter_0034,10,0,model_iter_0034,model_iter_0001,blue,model_iter_0034,25,0.141410,0.151209
2026-04-23_1008,model_iter_0001,model_iter_0035,1,1,model_iter_0001,model_iter_0035,blue,model_iter_0001,39,0.144872,0.149516
2026-04-23_1008,model_iter_0001,model_iter_0035,2,0,model_iter_0035,model_iter_0001,blue,model_iter_0035,39,0.146476,0.150411
2026-04-23_1008,model_iter_0001,model_iter_0035,3,1,model_iter_0001,model_iter_0035,blue,model_iter_0001,39,0.145763,0.150494
2026-04-23_1008,model_iter_0001,model_iter_0035,4,0,model_iter_0035,model_iter_0001,blue,model_iter_0035,39,0.143371,0.150465
2026-04-23_1008,model_iter_0001,model_iter_0035,5,1,model_iter_0001,model_iter_0035,blue,model_iter_0001,39,0.145505,0.150272
2026-04-23_1008,model_iter_0001,model_iter_0035,6,0,model_iter_0035,model_iter_0001,blue,model_iter_0035,39,0.146404,0.150265
2026-04-23_1008,model_iter_0001,model_iter_0035,7,1,model_iter_0001,model_iter_0035,blue,model_iter_0001,39,0.145521,0.150349
2026-04-23_1008,model_iter_0001,model_iter_0035,8,0,model_iter_0035,model_iter_0001,blue,model_iter_0035,39,0.142950,0.150146
2026-04-23_1008,model_iter_0001,model_iter_0035,9,1,model_iter_0001,model_iter_0035,blue,model_iter_0001,39,0.145312,0.150012
2026-04-23_1008,model_iter_0001,model_iter_0035,10,0,model_iter_0035,model_iter_0001,blue,model_iter_0035,39,0.141965,0.152447
2026-04-23_1008,model_iter_0001,model_iter_0036,1,1,model_iter_0001,model_iter_0036,blue,model_iter_0001,41,0.144766,0.150527
2026-04-23_1008,model_iter_0001,model_iter_0036,2,0,model_iter_0036,model_iter_0001,blue,model_iter_0036,35,0.142906,0.150820
2026-04-23_1008,model_iter_0001,model_iter_0036,3,1,model_iter_0001,model_iter_0036,blue,model_iter_0001,41,0.144578,0.150355
2026-04-23_1008,model_iter_0001,model_iter_0036,4,0,model_iter_0036,model_iter_0001,blue,model_iter_0036,35,0.142646,0.150904
2026-04-23_1008,model_iter_0001,model_iter_0036,5,1,model_iter_0001,model_iter_0036,blue,model_iter_0001,41,0.148409,0.150946
2026-04-23_1008,model_iter_0001,model_iter_0036,6,0,model_iter_0036,model_iter_0001,blue,model_iter_0036,35,0.142908,0.150831
2026-04-23_1008,model_iter_0001,model_iter_0036,7,1,model_iter_0001,model_iter_0036,blue,model_iter_0001,41,0.144986,0.150572
2026-04-23_1008,model_iter_0001,model_iter_0036,8,0,model_iter_0036,model_iter_0001,blue,model_iter_0036,35,0.142725,0.150700
2026-04-23_1008,model_iter_0001,model_iter_0036,9,1,model_iter_0001,model_iter_0036,blue,model_iter_0001,41,0.144090,0.153107
2026-04-23_1008,model_iter_0001,model_iter_0036,10,0,model_iter_0036,model_iter_0001,blue,model_iter_0036,35,0.143267,0.151433
2026-04-23_1008,model_iter_0001,model_iter_0037,1,1,model_iter_0001,model_iter_0037,red,model_iter_0037,34,0.151929,0.143711
2026-04-23_1008,model_iter_0001,model_iter_0037,2,0,model_iter_0037,model_iter_0001,blue,model_iter_0037,57,0.148050,0.153549
2026-04-23_1008,model_iter_0001,model_iter_0037,3,1,model_iter_0001,model_iter_0037,red,model_iter_0037,34,0.150959,0.142686
2026-04-23_1008,model_iter_0001,model_iter_0037,4,0,model_iter_0037,model_iter_0001,blue,model_iter_0037,57,0.149582,0.153020
2026-04-23_1008,model_iter_0001,model_iter_0037,5,1,model_iter_0001,model_iter_0037,red,model_iter_0037,34,0.152650,0.144670
2026-04-23_1008,model_iter_0001,model_iter_0037,6,0,model_iter_0037,model_iter_0001,blue,model_iter_0037,57,0.146289,0.150972
2026-04-23_1008,model_iter_0001,model_iter_0037,7,1,model_iter_0001,model_iter_0037,red,model_iter_0037,34,0.150215,0.142456
2026-04-23_1008,model_iter_0001,model_iter_0037,8,0,model_iter_0037,model_iter_0001,blue,model_iter_0037,57,0.147521,0.150447
2026-04-23_1008,model_iter_0001,model_iter_0037,9,1,model_iter_0001,model_iter_0037,red,model_iter_0037,34,0.151450,0.143512
2026-04-23_1008,model_iter_0001,model_iter_0037,10,0,model_iter_0037,model_iter_0001,blue,model_iter_0037,57,0.145979,0.150676
2026-04-23_1008,model_iter_0001,model_iter_0038,1,1,model_iter_0001,model_iter_0038,blue,model_iter_0001,43,0.143225,0.149968
2026-04-23_1008,model_iter_0001,model_iter_0038,2,0,model_iter_0038,model_iter_0001,blue,model_iter_0038,25,0.141217,0.153711
2026-04-23_1008,model_iter_0001,model_iter_0038,3,1,model_iter_0001,model_iter_0038,blue,model_iter_0001,43,0.143758,0.151123
2026-04-23_1008,model_iter_0001,model_iter_0038,4,0,model_iter_0038,model_iter_0001,blue,model_iter_0038,25,0.143115,0.151099
2026-04-23_1008,model_iter_0001,model_iter_0038,5,1,model_iter_0001,model_iter_0038,blue,model_iter_0001,43,0.142883,0.150382
2026-04-23_1008,model_iter_0001,model_iter_0038,6,0,model_iter_0038,model_iter_0001,blue,model_iter_0038,25,0.141950,0.150270
2026-04-23_1008,model_iter_0001,model_iter_0038,7,1,model_iter_0001,model_iter_0038,blue,model_iter_0001,43,0.144978,0.148907
2026-04-23_1008,model_iter_0001,model_iter_0038,8,0,model_iter_0038,model_iter_0001,blue,model_iter_0038,25,0.144260,0.151923
2026-04-23_1008,model_iter_0001,model_iter_0038,9,1,model_iter_0001,model_iter_0038,blue,model_iter_0001,43,0.143933,0.151189
2026-04-23_1008,model_iter_0001,model_iter_0038,10,0,model_iter_0038,model_iter_0001,blue,model_iter_0038,25,0.142938,0.151308
2026-04-23_1008,model_iter_0001,model_iter_0039,1,1,model_iter_0001,model_iter_0039,blue,model_iter_0001,27,0.140745,0.150108
2026-04-23_1008,model_iter_0001,model_iter_0039,2,0,model_iter_0039,model_iter_0001,blue,model_iter_0039,39,0.142297,0.152985
2026-04-23_1008,model_iter_0001,model_iter_0039,3,1,model_iter_0001,model_iter_0039,blue,model_iter_0001,27,0.141803,0.150964
2026-04-23_1008,model_iter_0001,model_iter_0039,4,0,model_iter_0039,model_iter_0001,blue,model_iter_0039,39,0.144698,0.151788
2026-04-23_1008,model_iter_0001,model_iter_0039,5,1,model_iter_0001,model_iter_0039,blue,model_iter_0001,27,0.141643,0.150872
2026-04-23_1008,model_iter_0001,model_iter_0039,6,0,model_iter_0039,model_iter_0001,blue,model_iter_0039,39,0.143672,0.150838
2026-04-23_1008,model_iter_0001,model_iter_0039,7,1,model_iter_0001,model_iter_0039,blue,model_iter_0001,27,0.139050,0.148949
2026-04-23_1008,model_iter_0001,model_iter_0039,8,0,model_iter_0039,model_iter_0001,blue,model_iter_0039,39,0.143194,0.153663
2026-04-23_1008,model_iter_0001,model_iter_0039,9,1,model_iter_0001,model_iter_0039,blue,model_iter_0001,27,0.141540,0.150690
2026-04-23_1008,model_iter_0001,model_iter_0039,10,0,model_iter_0039,model_iter_0001,blue,model_iter_0039,39,0.144428,0.151654
2026-04-23_1008,model_iter_0001,model_iter_0040,1,1,model_iter_0001,model_iter_0040,blue,model_iter_0001,21,0.138521,0.150875
2026-04-23_1008,model_iter_0001,model_iter_0040,2,0,model_iter_0040,model_iter_0001,blue,model_iter_0040,25,0.143513,0.151159
2026-04-23_1008,model_iter_0001,model_iter_0040,3,1,model_iter_0001,model_iter_0040,blue,model_iter_0001,21,0.136743,0.149394
2026-04-23_1008,model_iter_0001,model_iter_0040,4,0,model_iter_0040,model_iter_0001,blue,model_iter_0040,25,0.141519,0.153952
2026-04-23_1008,model_iter_0001,model_iter_0040,5,1,model_iter_0001,model_iter_0040,blue,model_iter_0001,21,0.138320,0.150274
2026-04-23_1008,model_iter_0001,model_iter_0040,6,0,model_iter_0040,model_iter_0001,blue,model_iter_0040,25,0.143871,0.151261
2026-04-23_1008,model_iter_0001,model_iter_0040,7,1,model_iter_0001,model_iter_0040,blue,model_iter_0001,21,0.138283,0.150282
2026-04-23_1008,model_iter_0001,model_iter_0040,8,0,model_iter_0040,model_iter_0001,blue,model_iter_0040,25,0.143365,0.150624
2026-04-23_1008,model_iter_0001,model_iter_0040,9,1,model_iter_0001,model_iter_0040,blue,model_iter_0001,21,0.137664,0.149629
2026-04-23_1008,model_iter_0001,model_iter_0040,10,0,model_iter_0040,model_iter_0001,blue,model_iter_0040,25,0.142623,0.149933
2026-04-23_1008,model_iter_0001,model_iter_0041,1,1,model_iter_0001,model_iter_0041,blue,model_iter_0001,51,0.144600,0.152110
2026-04-23_1008,model_iter_0001,model_iter_0041,2,0,model_iter_0041,model_iter_0001,blue,model_iter_0041,25,0.139704,0.150787
2026-04-23_1008,model_iter_0001,model_iter_0041,3,1,model_iter_0001,model_iter_0041,blue,model_iter_0001,51,0.145532,0.150422
2026-04-23_1008,model_iter_0001,model_iter_0041,4,0,model_iter_0041,model_iter_0001,blue,model_iter_0041,25,0.139313,0.150309
2026-04-23_1008,model_iter_0001,model_iter_0041,5,1,model_iter_0001,model_iter_0041,blue,model_iter_0001,51,0.143621,0.148240
2026-04-23_1008,model_iter_0001,model_iter_0041,6,0,model_iter_0041,model_iter_0001,blue,model_iter_0041,25,0.139432,0.155323
2026-04-23_1008,model_iter_0001,model_iter_0041,7,1,model_iter_0001,model_iter_0041,blue,model_iter_0001,51,0.144849,0.149416
2026-04-23_1008,model_iter_0001,model_iter_0041,8,0,model_iter_0041,model_iter_0001,blue,model_iter_0041,25,0.138876,0.149646
2026-04-23_1008,model_iter_0001,model_iter_0041,9,1,model_iter_0001,model_iter_0041,blue,model_iter_0001,51,0.145453,0.150206
2026-04-23_1008,model_iter_0001,model_iter_0041,10,0,model_iter_0041,model_iter_0001,blue,model_iter_0041,25,0.138474,0.149113
2026-04-23_1008,model_iter_0001,model_iter_0042,1,1,model_iter_0001,model_iter_0042,blue,model_iter_0001,23,0.146103,0.149580
2026-04-23_1008,model_iter_0001,model_iter_0042,2,0,model_iter_0042,model_iter_0001,blue,model_iter_0042,29,0.139077,0.150847
2026-04-23_1008,model_iter_0001,model_iter_0042,3,1,model_iter_0001,model_iter_0042,blue,model_iter_0001,23,0.141979,0.150342
2026-04-23_1008,model_iter_0001,model_iter_0042,4,0,model_iter_0042,model_iter_0001,blue,model_iter_0042,29,0.138638,0.150308
2026-04-23_1008,model_iter_0001,model_iter_0042,5,1,model_iter_0001,model_iter_0042,blue,model_iter_0001,23,0.141592,0.149731
2026-04-23_1008,model_iter_0001,model_iter_0042,6,0,model_iter_0042,model_iter_0001,blue,model_iter_0042,29,0.138220,0.150074
2026-04-23_1008,model_iter_0001,model_iter_0042,7,1,model_iter_0001,model_iter_0042,blue,model_iter_0001,23,0.140287,0.154679
2026-04-23_1008,model_iter_0001,model_iter_0042,8,0,model_iter_0042,model_iter_0001,blue,model_iter_0042,29,0.138880,0.150629
2026-04-23_1008,model_iter_0001,model_iter_0042,9,1,model_iter_0001,model_iter_0042,blue,model_iter_0001,23,0.142090,0.150149
2026-04-23_1008,model_iter_0001,model_iter_0042,10,0,model_iter_0042,model_iter_0001,blue,model_iter_0042,29,0.139304,0.151061
2026-04-23_1008,model_iter_0001,model_iter_0043,1,1,model_iter_0001,model_iter_0043,blue,model_iter_0001,31,0.142913,0.150404
2026-04-23_1008,model_iter_0001,model_iter_0043,2,0,model_iter_0043,model_iter_0001,blue,model_iter_0043,27,0.144072,0.150447
2026-04-23_1008,model_iter_0001,model_iter_0043,3,1,model_iter_0001,model_iter_0043,blue,model_iter_0001,31,0.141869,0.154243
2026-04-23_1008,model_iter_0001,model_iter_0043,4,0,model_iter_0043,model_iter_0001,blue,model_iter_0043,27,0.144971,0.151640
2026-04-23_1008,model_iter_0001,model_iter_0043,5,1,model_iter_0001,model_iter_0043,blue,model_iter_0001,31,0.142451,0.150458
2026-04-23_1008,model_iter_0001,model_iter_0043,6,0,model_iter_0043,model_iter_0001,blue,model_iter_0043,27,0.143778,0.150425
2026-04-23_1008,model_iter_0001,model_iter_0043,7,1,model_iter_0001,model_iter_0043,blue,model_iter_0001,31,0.141538,0.149326
2026-04-23_1008,model_iter_0001,model_iter_0043,8,0,model_iter_0043,model_iter_0001,blue,model_iter_0043,27,0.142448,0.153200
2026-04-23_1008,model_iter_0001,model_iter_0043,9,1,model_iter_0001,model_iter_0043,blue,model_iter_0001,31,0.142260,0.149949
2026-04-23_1008,model_iter_0001,model_iter_0043,10,0,model_iter_0043,model_iter_0001,blue,model_iter_0043,27,0.143962,0.150674
2026-04-23_1008,model_iter_0001,model_iter_0044,1,1,model_iter_0001,model_iter_0044,blue,model_iter_0001,35,0.145852,0.149834
2026-04-23_1008,model_iter_0001,model_iter_0044,2,0,model_iter_0044,model_iter_0001,blue,model_iter_0044,37,0.143355,0.150702
2026-04-23_1008,model_iter_0001,model_iter_0044,3,1,model_iter_0001,model_iter_0044,blue,model_iter_0001,35,0.145113,0.152768
2026-04-23_1008,model_iter_0001,model_iter_0044,4,0,model_iter_0044,model_iter_0001,blue,model_iter_0044,37,0.143676,0.150972
2026-04-23_1008,model_iter_0001,model_iter_0044,5,1,model_iter_0001,model_iter_0044,blue,model_iter_0001,35,0.145945,0.150201
2026-04-23_1008,model_iter_0001,model_iter_0044,6,0,model_iter_0044,model_iter_0001,blue,model_iter_0044,37,0.142275,0.149778
2026-04-23_1008,model_iter_0001,model_iter_0044,7,1,model_iter_0001,model_iter_0044,blue,model_iter_0001,35,0.144968,0.149094
2026-04-23_1008,model_iter_0001,model_iter_0044,8,0,model_iter_0044,model_iter_0001,blue,model_iter_0044,37,0.144395,0.149104
2026-04-23_1008,model_iter_0001,model_iter_0044,9,1,model_iter_0001,model_iter_0044,blue,model_iter_0001,35,0.145990,0.150047
2026-04-23_1008,model_iter_0001,model_iter_0044,10,0,model_iter_0044,model_iter_0001,blue,model_iter_0044,37,0.142770,0.150424
2026-04-23_1008,model_iter_0001,model_iter_0045,1,1,model_iter_0001,model_iter_0045,blue,model_iter_0001,39,0.143788,0.149930
2026-04-23_1008,model_iter_0001,model_iter_0045,2,0,model_iter_0045,model_iter_0001,blue,model_iter_0045,35,0.140426,0.148888
2026-04-23_1008,model_iter_0001,model_iter_0045,3,1,model_iter_0001,model_iter_0045,blue,model_iter_0001,39,0.143871,0.153188
2026-04-23_1008,model_iter_0001,model_iter_0045,4,0,model_iter_0045,model_iter_0001,blue,model_iter_0045,35,0.141520,0.150665
2026-04-23_1008,model_iter_0001,model_iter_0045,5,1,model_iter_0001,model_iter_0045,blue,model_iter_0001,39,0.144140,0.150231
2026-04-23_1008,model_iter_0001,model_iter_0045,6,0,model_iter_0045,model_iter_0001,blue,model_iter_0045,35,0.141635,0.151053
2026-04-23_1008,model_iter_0001,model_iter_0045,7,1,model_iter_0001,model_iter_0045,blue,model_iter_0001,39,0.141446,0.147512
2026-04-23_1008,model_iter_0001,model_iter_0045,8,0,model_iter_0045,model_iter_0001,blue,model_iter_0045,35,0.145810,0.150754
2026-04-23_1008,model_iter_0001,model_iter_0045,9,1,model_iter_0001,model_iter_0045,blue,model_iter_0001,39,0.144745,0.150879
2026-04-23_1008,model_iter_0001,model_iter_0045,10,0,model_iter_0045,model_iter_0001,blue,model_iter_0045,35,0.141755,0.151110
